"Time","L2 Error Monitor: L2 Error Monitor"
0.01,0.3825851758568507
0.02,0.38160946853204647
0.03,0.3806607335546789
0.04,0.37973619275480697
0.05,0.3788346323312754
0.060000000000000005,0.37795491862264485
0.07,0.37709604152509457
0.08,0.3762570267542631
0.09,0.375436936277439
0.09999999999999999,0.37463500153264506
0.10999999999999999,0.37385048949587923
0.11999999999999998,0.3730826978281731
0.12999999999999998,0.37233100682475595
0.13999999999999999,0.37159480403869594
0.15,0.37087346010643335
0.16,0.37016648839397276
0.17,0.36947337671549124
0.18000000000000002,0.3687936837281964
0.19000000000000003,0.36812694887248953
0.20000000000000004,0.3674727057103253
0.21000000000000005,0.36683062832382973
0.22000000000000006,0.36620057278078655
0.23000000000000007,0.3655818543455934
0.24000000000000007,0.3649741227565405
0.25000000000000006,0.36437705245936497
0.26000000000000006,0.36379032499584074
0.2700000000000001,0.3632136351446043
0.2800000000000001,0.3626466702877028
0.2900000000000001,0.3620891613547697
0.3000000000000001,0.3615408741413498
0.3100000000000001,0.3610015284267498
0.3200000000000001,0.3604708831292003
0.3300000000000001,0.3599487098972021
0.34000000000000014,0.35943478934540557
0.35000000000000014,0.3589289046009648
0.36000000000000015,0.3584308489616872
0.37000000000000016,0.357940431033985
0.38000000000000017,0.3574574584933373
0.3900000000000002,0.35698175144964184
0.4000000000000002,0.3565131365941913
0.4100000000000002,0.35605144742925116
0.4200000000000002,0.35559652279541965
0.4300000000000002,0.3551482064988227
0.4400000000000002,0.3547063463130808
0.45000000000000023,0.35427040066842574
0.46000000000000024,0.3538404767083275
0.47000000000000025,0.35341655699644065
0.48000000000000026,0.35299852754157945
0.49000000000000027,0.3525862553455745
0.5000000000000002,0.3521795458375679
0.5100000000000002,0.35177833022315197
0.5200000000000002,0.3513826020769218
0.5300000000000002,0.35099214724687894
0.5400000000000003,0.3506068521458043
0.5500000000000003,0.35022660081129675
0.5600000000000003,0.3498512971533006
0.5700000000000003,0.3494808546791042
0.5800000000000003,0.3491151699726257
0.5900000000000003,0.34875412452882265
0.6000000000000003,0.3483976538160984
0.6100000000000003,0.34804564222273066
0.6200000000000003,0.347697983144942
0.6300000000000003,0.3473546288290723
0.6400000000000003,0.34701549294862666
0.6500000000000004,0.3466804698340483
0.6600000000000004,0.3463494846255925
0.6700000000000004,0.34602244479403127
0.6800000000000004,0.3456992886024189
0.6900000000000004,0.3453799146001014
0.7000000000000004,0.34506428515812193
0.7100000000000004,0.3447523526005415
0.7200000000000004,0.34444403830827225
0.7300000000000004,0.34413928180518166
0.7400000000000004,0.34383802361853044
0.7500000000000004,0.34354020690449605
0.7600000000000005,0.3432457692187001
0.7700000000000005,0.3429546553472994
0.7800000000000005,0.3426668103024253
0.7900000000000005,0.34238217456720976
0.8000000000000005,0.3421006964533702
0.8100000000000005,0.34182232655833605
0.8200000000000005,0.3415470079786471
0.8300000000000005,0.3412746576985681
0.8400000000000005,0.34100523300752944
0.8500000000000005,0.340738686330367
0.8600000000000005,0.34047498456977643
0.8700000000000006,0.34021408664123026
0.8800000000000006,0.3399559484081832
0.8900000000000006,0.33970052742224494
0.9000000000000006,0.3394477901060106
0.9100000000000006,0.33919782629843326
0.9200000000000006,0.33895043042120393
0.9300000000000006,0.3387055986268898
0.9400000000000006,0.33846328252175173
0.9500000000000006,0.3382234202561951
0.9600000000000006,0.3379859787722155
0.9700000000000006,0.33775094904252684
0.9800000000000006,0.33751829441251663
0.9900000000000007,0.33728798031637636
1.0000000000000007,0.33705996957850315
1.0100000000000007,0.3368342325486454
1.0200000000000007,0.3366107372566094
1.0300000000000007,0.33638945431069056
1.0400000000000007,0.33617034918786187
1.0500000000000007,0.33595338606122505
1.0600000000000007,0.3357385262784526
1.0700000000000007,0.3355257292939689
1.0800000000000007,0.3353149810333792
1.0900000000000007,0.3351062487625583
1.1000000000000008,0.3348994766236063
1.1100000000000008,0.3346945494126363
1.1200000000000008,0.33449141496422935
1.1300000000000008,0.3342900412178099
1.1400000000000008,0.33409040289663
1.1500000000000008,0.33389247852360704
1.1600000000000008,0.33369624818071925
1.1700000000000008,0.3335016920787003
1.1800000000000008,0.3333087908718058
1.1900000000000008,0.3331175267380734
1.2000000000000008,0.3329278800224523
1.2100000000000009,0.33273980781209933
1.2200000000000009,0.332553274460911
1.2300000000000009,0.3323682602502126
1.2400000000000009,0.33218474835851847
1.2500000000000009,0.3320027172009307
1.260000000000001,0.33182214979285674
1.270000000000001,0.3316430303568162
1.280000000000001,0.33146534748611434
1.290000000000001,0.33128908293268733
1.300000000000001,0.3311141944722372
1.310000000000001,0.33094059360725087
1.320000000000001,0.33076821166243087
1.330000000000001,0.3305969978773726
1.340000000000001,0.33042690213008624
1.350000000000001,0.33025789861496924
1.360000000000001,0.3300900125927578
1.370000000000001,0.3299232014528611
1.380000000000001,0.3297574220867998
1.390000000000001,0.32959272209231244
1.400000000000001,0.3294291023619265
1.410000000000001,0.3292665523587015
1.420000000000001,0.32910506378241366
1.430000000000001,0.32894462864258256
1.440000000000001,0.3287852380908971
1.450000000000001,0.3286268802814288
1.460000000000001,0.3284695427482537
1.470000000000001,0.32831321997188895
1.480000000000001,0.3281579040316678
1.490000000000001,0.32800358866808604
1.500000000000001,0.3278502641380602
1.5100000000000011,0.32769792249871754
1.5200000000000011,0.327546556550858
1.5300000000000011,0.327396159041653
1.5400000000000011,0.32724672282732264
1.5500000000000012,0.3270982422251461
1.5600000000000012,0.32695070787581554
1.5700000000000012,0.32680411193965
1.5800000000000012,0.3266584444156197
1.5900000000000012,0.3265136987273074
1.6000000000000012,0.3263698689160899
1.6100000000000012,0.32622694895947696
1.6200000000000012,0.3260849330478489
1.6300000000000012,0.3259438106577379
1.6400000000000012,0.3258035757495979
1.6500000000000012,0.32566422509414183
1.6600000000000013,0.3255257503588689
1.6700000000000013,0.32538814793486254
1.6800000000000013,0.3252514131573255
1.6900000000000013,0.32511551205473005
1.7000000000000013,0.3249804552390839
1.7100000000000013,0.3248462489931449
1.7200000000000013,0.32471285096851343
1.7300000000000013,0.3245802906174923
1.7400000000000013,0.324448565389145
1.7500000000000013,0.3243176701997669
1.7600000000000013,0.32418760014285974
1.7700000000000014,0.3240583502669833
1.7800000000000014,0.32392991421171935
1.7900000000000014,0.32380227708958675
1.8000000000000014,0.32367544664405845
1.8100000000000014,0.323549418469618
1.8200000000000014,0.3234241877860317
1.8300000000000014,0.32329974920686116
1.8400000000000014,0.32317609962011484
1.8500000000000014,0.3230532328219351
1.8600000000000014,0.3229311279941609
1.8700000000000014,0.3228097986128358
1.8800000000000014,0.3226892418254441
1.8900000000000015,0.32256945554873584
1.9000000000000015,0.3224504353384123
1.9100000000000015,0.32233217622981064
1.9200000000000015,0.322214677160218
1.9300000000000015,0.32209793545763743
1.9400000000000015,0.3219819460993721
1.9500000000000015,0.32186668896563525
1.9600000000000015,0.32175215537943597
1.9700000000000015,0.32163834142886555
1.9800000000000015,0.32152524361594015
1.9900000000000015,0.32141285733817904
2.0000000000000013,0.32130117792235624
2.010000000000001,0.32119019828022427
2.020000000000001,0.3210799167151068
2.0300000000000007,0.32097032689890326
2.0400000000000005,0.3208614291996267
2.0500000000000003,0.32075321711373667
2.06,0.32064567003831657
2.07,0.3205387669425741
2.0799999999999996,0.3204324971960377
2.0899999999999994,0.32032686254055265
2.099999999999999,0.3202218593434059
2.109999999999999,0.3201174842617865
2.1199999999999988,0.3200137400289516
2.1299999999999986,0.31991063075218545
2.1399999999999983,0.3198081392319159
2.149999999999998,0.3197062120862128
2.159999999999998,0.3196048667756079
2.1699999999999977,0.3195041320015993
2.1799999999999975,0.3194039846266322
2.1899999999999973,0.31930442939465753
2.199999999999997,0.3192054760876455
2.209999999999997,0.31910712129418267
2.2199999999999966,0.3190093620882103
2.2299999999999964,0.3189121965003859
2.239999999999996,0.31881562483212916
2.249999999999996,0.3187196932846691
2.259999999999996,0.31862434519804894
2.2699999999999956,0.31852956683543154
2.2799999999999954,0.31843535726117494
2.289999999999995,0.31834170976367837
2.299999999999995,0.3182486133530859
2.3099999999999947,0.31815606730445345
2.3199999999999945,0.31806406906577706
2.3299999999999943,0.3179726154996277
2.339999999999994,0.317881706667122
2.349999999999994,0.31779133793101344
2.3599999999999937,0.317701503045075
2.3699999999999934,0.3176121765815798
2.3799999999999932,0.3175233837062074
2.389999999999993,0.31743515151623386
2.399999999999993,0.31734744710304125
2.4099999999999926,0.3172602683272693
2.4199999999999924,0.31717361515344206
2.429999999999992,0.31708748689816546
2.439999999999992,0.31700187680275194
2.4499999999999917,0.31691678229240894
2.4599999999999915,0.31683220170176435
2.4699999999999913,0.316748132275361
2.479999999999991,0.3166645702168186
2.489999999999991,0.31658151326593886
2.4999999999999907,0.31649895029461445
2.5099999999999905,0.31641686462298935
2.5199999999999902,0.3163352775364525
2.52999999999999,0.3162541862565137
2.53999999999999,0.3161735878494776
2.5499999999999896,0.31609347951141076
2.5599999999999894,0.31601385833885304
2.569999999999989,0.31593472138509227
2.579999999999989,0.31585606569435637
2.5899999999999888,0.3157778882880476
2.5999999999999885,0.31570018198453653
2.6099999999999883,0.31562294614438474
2.619999999999988,0.31554618250248373
2.629999999999988,0.315469884809042
2.6399999999999877,0.31539405021607664
2.6499999999999875,0.31531867574179073
2.6599999999999873,0.3152437583360743
2.669999999999987,0.3151692949464102
2.679999999999987,0.315095282552803
2.6899999999999866,0.31502171273959995
2.6999999999999864,0.3149485794313901
2.709999999999986,0.3148758850685055
2.719999999999986,0.31480362650281
2.7299999999999858,0.31473180066968925
2.7399999999999856,0.31466040455071054
2.7499999999999853,0.31458943482827734
2.759999999999985,0.31451889045980064
2.769999999999985,0.3144487675766598
2.7799999999999847,0.3143790623726351
2.7899999999999845,0.31430977211854405
2.7999999999999843,0.3142408939333388
2.809999999999984,0.3141724242527234
2.819999999999984,0.3141043615336408
2.8299999999999836,0.3140367052025309
2.8399999999999834,0.31396944922289116
2.849999999999983,0.3139025912279142
2.859999999999983,0.313836128260607
2.869999999999983,0.31377005679520475
2.8799999999999826,0.31370437545480423
2.8899999999999824,0.3136390801607428
2.899999999999982,0.3135741666090217
2.909999999999982,0.31350962717299385
2.9199999999999817,0.313445460633007
2.9299999999999815,0.3133816681842255
2.9399999999999813,0.3133182470675442
2.949999999999981,0.31325519439466293
2.959999999999981,0.31319250767227647
2.9699999999999807,0.31313018428328687
2.9799999999999804,0.3130682215641133
2.9899999999999802,0.31300661714793765
2.99999999999998,0.31294536866752815
3.00999999999998,0.3128844730931775
3.0199999999999796,0.31282390007148747
3.0299999999999794,0.3127636720723847
3.039999999999979,0.31270378863620507
3.049999999999979,0.3126442466019618
3.0599999999999787,0.3125850432439429
3.0699999999999785,0.31252617601010574
3.0799999999999783,0.3124676424475804
3.089999999999978,0.31240944021776224
3.099999999999978,0.31235157166505206
3.1099999999999777,0.31229402911243315
3.1199999999999775,0.3122368101794172
3.1299999999999772,0.31217991247521404
3.139999999999977,0.31212333364739847
3.149999999999977,0.31206707133929945
3.1599999999999766,0.3120111207049665
3.1699999999999764,0.311955478417371
3.179999999999976,0.31190014437494984
3.189999999999976,0.31184511635877205
3.1999999999999758,0.3117903923441545
3.2099999999999755,0.3117359693204614
3.2199999999999753,0.31168184506711805
3.229999999999975,0.31162801793136063
3.239999999999975,0.3115744855682923
3.2499999999999747,0.3115212458185407
3.2599999999999745,0.31146829638069107
3.2699999999999743,0.3114156352498133
3.279999999999974,0.3113632602215216
3.289999999999974,0.31131116923542496
3.2999999999999736,0.31125935647569697
3.3099999999999734,0.3112078213320734
3.319999999999973,0.31115656367900396
3.329999999999973,0.31110558012774303
3.3399999999999728,0.31105486861334225
3.3499999999999726,0.3110044271321466
3.3599999999999723,0.3109542534946129
3.369999999999972,0.3109043443459592
3.379999999999972,0.3108546933567842
3.3899999999999717,0.3108052970715864
3.3999999999999715,0.31075615406672363
3.4099999999999713,0.3107072623046559
3.419999999999971,0.3106586198443426
3.429999999999971,0.31061022479372796
3.4399999999999706,0.31056206495884436
3.4499999999999704,0.31051413251582605
3.45999999999997,0.3104664234979724
3.46999999999997,0.31041893564937656
3.47999999999997,0.3103716670791965
3.4899999999999696,0.31032461676384265
3.4999999999999694,0.3102777807343608
3.509999999999969,0.31023115770178605
3.519999999999969,0.3101847473259335
3.5299999999999687,0.3101385481512711
3.5399999999999685,0.31009255438714156
3.5499999999999683,0.3100467656675639
3.559999999999968,0.31000117994740983
3.569999999999968,0.3099557955139172
3.5799999999999677,0.30991061113265417
3.5899999999999674,0.309865625029303
3.5999999999999672,0.3098208356941796
3.609999999999967,0.3097762450277215
3.619999999999967,0.3097318497262425
3.6299999999999666,0.3096876415377219
3.6399999999999664,0.30964360919959466
3.649999999999966,0.309599747730789
3.659999999999966,0.3095560554036083
3.6699999999999657,0.309512531309507
3.6799999999999655,0.3094691739860817
3.6899999999999653,0.30942598209824795
3.699999999999965,0.3093829543757797
3.709999999999965,0.309340089619327
3.7199999999999647,0.3092973865149105
3.7299999999999645,0.3092548423421234
3.7399999999999642,0.3092124555161519
3.749999999999964,0.30917022483920426
3.759999999999964,0.30912814926070903
3.7699999999999636,0.3090862278286262
3.7799999999999634,0.30904446165214944
3.789999999999963,0.3090028490747988
3.799999999999963,0.3089613888208357
3.8099999999999627,0.30892007875671906
3.8199999999999625,0.3088789167824016
3.8299999999999623,0.30883790159763674
3.839999999999962,0.30879703251692175
3.849999999999962,0.3087563086422812
3.8599999999999617,0.3087157288056392
3.8699999999999615,0.30867529207312033
3.8799999999999613,0.3086349945203515
3.889999999999961,0.3085948388487584
3.899999999999961,0.30855482413890245
3.9099999999999606,0.3085149482407623
3.9199999999999604,0.3084752106513602
3.92999999999996,0.308435609807133
3.93999999999996,0.3083961434937318
3.9499999999999598,0.3083568117778527
3.9599999999999596,0.30831761508904804
3.9699999999999593,0.3082785521970573
3.979999999999959,0.30823962245753506
3.989999999999959,0.3082008247677308
3.9999999999999587,0.3081621581855185
4.009999999999959,0.30812362193079446
4.019999999999959,0.3080852152856127
4.0299999999999585,0.3080469375261351
4.039999999999958,0.3080087880687296
4.049999999999958,0.30797076581477884
4.059999999999958,0.3079328697570732
4.069999999999958,0.30789509871320997
4.079999999999957,0.30785744998890663
4.089999999999957,0.30781992209947856
4.099999999999957,0.3077825137267263
4.109999999999957,0.30774522423778833
4.119999999999957,0.307708054126217
4.129999999999956,0.30767100502526806
4.139999999999956,0.3076340714952476
4.149999999999956,0.3075972491479372
4.159999999999956,0.3075605359589318
4.1699999999999555,0.30752393071771567
4.179999999999955,0.3074874321744886
4.189999999999955,0.3074510384355966
4.199999999999955,0.30741474955593673
4.209999999999955,0.30737856579692613
4.2199999999999545,0.3073424689561389
4.229999999999954,0.3073064746438598
4.239999999999954,0.30727058257024725
4.249999999999954,0.3072347913142466
4.259999999999954,0.3071991008495447
4.269999999999953,0.307163510377861
4.279999999999953,0.30712802057265515
4.289999999999953,0.3070926304339145
4.299999999999953,0.3070573369020822
4.3099999999999525,0.30702213872709094
4.319999999999952,0.30698703487766543
4.329999999999952,0.3069520251737819
4.339999999999952,0.3069171088849332
4.349999999999952,0.3068822855501482
4.3599999999999515,0.30684755422094007
4.369999999999951,0.30681291392945853
4.379999999999951,0.3067783638771708
4.389999999999951,0.30674390326438467
4.399999999999951,0.30670953128380846
4.40999999999995,0.30667524684605496
4.41999999999995,0.30664104849405327
4.42999999999995,0.3066069369264357
4.43999999999995,0.30657291016395555
4.4499999999999496,0.3065389669824481
4.459999999999949,0.3065051064533336
4.469999999999949,0.3064713278271946
4.479999999999949,0.30643763026021775
4.489999999999949,0.30640401283604507
4.4999999999999485,0.3063704744626162
4.509999999999948,0.30633701183648904
4.519999999999948,0.3063036235523142
4.529999999999948,0.3062703085589062
4.539999999999948,0.3062370661689912
4.549999999999947,0.3062038956829624
4.559999999999947,0.30617079620270493
4.569999999999947,0.30613776726394315
4.579999999999947,0.30610480864248346
4.589999999999947,0.3060719202086631
4.599999999999946,0.3060391011988503
4.609999999999946,0.306006351000501
4.619999999999946,0.30597366888834043
4.629999999999946,0.30594105484880163
4.6399999999999455,0.30590850747330534
4.649999999999945,0.3058760261217405
4.659999999999945,0.3058436100813603
4.669999999999945,0.30581125865123693
4.679999999999945,0.30577897118030867
4.689999999999944,0.30574674691425746
4.699999999999944,0.3057145866441304
4.709999999999944,0.30568248871389253
4.719999999999944,0.3056504525787274
4.729999999999944,0.30561847905577394
4.739999999999943,0.3055865624038007
4.749999999999943,0.30555470502294263
4.759999999999943,0.305522906447131
4.769999999999943,0.305491166154815
4.7799999999999425,0.30545948320470456
4.789999999999942,0.30542785749687923
4.799999999999942,0.30539628800646457
4.809999999999942,0.30536477406905155
4.819999999999942,0.30533331567074906
4.8299999999999415,0.3053019126081286
4.839999999999941,0.305270556043345
4.849999999999941,0.3052392487097813
4.859999999999941,0.3052079923931913
4.869999999999941,0.3051767870498194
4.87999999999994,0.30514563194927036
4.88999999999994,0.3051145260695506
4.89999999999994,0.30508346846360246
4.90999999999994,0.30505245740867837
4.9199999999999395,0.3050214931702311
4.929999999999939,0.30499056225390425
4.939999999999939,0.30495968159306547
4.949999999999939,0.3049288453229932
4.959999999999939,0.30489805254709806
4.9699999999999385,0.30486730293551745
4.979999999999938,0.30483659524537154
4.989999999999938,0.30480592887992863
4.999999999999938,0.3047753033344857
5.009999999999938,0.3047447171802094
5.019999999999937,0.30471416700550863
5.029999999999937,0.304683655514717
5.039999999999937,0.3046531820720293
5.049999999999937,0.3046227459598732
5.0599999999999365,0.3045923456902168
5.069999999999936,0.3045619797124347
5.079999999999936,0.30453164895957147
5.089999999999936,0.3045013526536481
5.099999999999936,0.3044710901233212
5.1099999999999355,0.3044408607662662
5.119999999999935,0.3044106638790161
5.129999999999935,0.304380498691149
5.139999999999935,0.3043503647438243
5.149999999999935,0.3043202602746296
5.159999999999934,0.3042901856607688
5.169999999999934,0.30426014023789555
5.179999999999934,0.3042301232064577
5.189999999999934,0.3042001333723147
5.199999999999934,0.3041701706101488
5.209999999999933,0.30414023427140263
5.219999999999933,0.30411032364892676
5.229999999999933,0.30408043806359863
5.239999999999933,0.3040505768381649
5.2499999999999325,0.3040207392565641
5.259999999999932,0.3039909244432331
5.269999999999932,0.30396113332414504
5.279999999999932,0.3039313626139449
5.289999999999932,0.30390161309849845
5.299999999999931,0.3038718841883865
5.309999999999931,0.30384217520841295
5.319999999999931,0.30381248566713537
5.329999999999931,0.303782814988241
5.339999999999931,0.3037531622852812
5.34999999999993,0.3037235265094447
5.35999999999993,0.3036939079040465
5.36999999999993,0.30366430673515293
5.37999999999993,0.3036347206019713
5.3899999999999295,0.3036051490896225
5.399999999999929,0.3035755917447135
5.409999999999929,0.30354604788227413
5.419999999999929,0.3035165167019475
5.429999999999929,0.3034869977800818
5.4399999999999284,0.3034574904048286
5.449999999999928,0.303427993909663
5.459999999999928,0.3033985076487416
5.469999999999928,0.3033690308830394
5.479999999999928,0.3033395631997771
5.489999999999927,0.3033101028926759
5.499999999999927,0.30328064921772296
5.509999999999927,0.30325120219810475
5.519999999999927,0.3032217612968878
5.5299999999999265,0.3031923256257682
5.539999999999926,0.3031628943046575
5.549999999999926,0.3031334665867653
5.559999999999926,0.3031040416745833
5.569999999999926,0.30307461726474366
5.5799999999999255,0.30304519151944465
5.589999999999925,0.3030157652255483
5.599999999999925,0.3029863373003236
5.609999999999925,0.30295690462229113
5.619999999999925,0.302927463229493
5.629999999999924,0.3028980105840337
5.639999999999924,0.30286854489429893
5.649999999999924,0.3028390650057776
5.659999999999924,0.30280957098200895
5.6699999999999235,0.30278006051859396
5.679999999999923,0.3027505354152468
5.689999999999923,0.302720995128161
5.699999999999923,0.30269143948980665
5.709999999999923,0.3026618661649628
5.7199999999999225,0.3026322749722371
5.729999999999922,0.3026026642649332
5.739999999999922,0.30257302975369854
5.749999999999922,0.3025433693090731
5.759999999999922,0.3025136877173327
5.769999999999921,0.302483984354198
5.779999999999921,0.30245425861116865
5.789999999999921,0.3024245099346066
5.799999999999921,0.3023947378976004
5.809999999999921,0.3023649391536294
5.81999999999992,0.30233511024216553
5.82999999999992,0.3023052495716845
5.83999999999992,0.30227535662330773
5.84999999999992,0.3022454307776968
5.8599999999999195,0.3022154717522666
5.869999999999919,0.30218547902895
5.879999999999919,0.3021554524238248
5.889999999999919,0.3021253911636415
5.899999999999919,0.3020952950860063
5.909999999999918,0.3020651637973832
5.919999999999918,0.30203499686958424
5.929999999999918,0.3020047937692395
5.939999999999918,0.3019745541867984
5.949999999999918,0.30194427841343113
5.959999999999917,0.3019139657630322
5.969999999999917,0.301883615946736
5.979999999999917,0.3018532286915556
5.989999999999917,0.3018228037078811
5.9999999999999165,0.3017923406646468
6.009999999999916,0.3017618392491665
6.019999999999916,0.3017312991317338
6.029999999999916,0.3017007200845214
6.039999999999916,0.30167010201084404
6.0499999999999154,0.30163944430224454
6.059999999999915,0.30160874700071594
6.069999999999915,0.3015780094032276
6.079999999999915,0.30154723031355385
6.089999999999915,0.30151640962653
6.099999999999914,0.30148554721629833
6.109999999999914,0.3014546427785085
6.119999999999914,0.3014236960329054
6.129999999999914,0.3013927065420568
6.1399999999999135,0.30136167358783783
6.149999999999913,0.30133059753129265
6.159999999999913,0.30129947729134904
6.169999999999913,0.3012683107802991
6.179999999999913,0.3012370997448438
6.1899999999999125,0.30120584441629056
6.199999999999912,0.30117454446804104
6.209999999999912,0.3011431996387573
6.219999999999912,0.3011118094686681
6.229999999999912,0.3010803736166622
6.239999999999911,0.30104889183903705
6.249999999999911,0.3010173650251158
6.259999999999911,0.30098579286243216
6.269999999999911,0.30095417421881243
6.2799999999999105,0.30092250877919574
6.28999999999991,0.30089079608157815
6.29999999999991,0.3008590361429194
6.30999999999991,0.30082722183196137
6.31999999999991,0.3007953585904942
6.3299999999999095,0.3007634471538131
6.339999999999909,0.30073148711947745
6.349999999999909,0.30069947883884146
6.359999999999909,0.3006674217607939
6.369999999999909,0.3006353145256466
6.379999999999908,0.30060315582069985
6.389999999999908,0.3005709456350852
6.399999999999908,0.30053868402719625
6.409999999999908,0.3005063706177879
6.419999999999908,0.30047400498652327
6.429999999999907,0.3004415866849189
6.439999999999907,0.3004091154493075
6.449999999999907,0.30037659094830393
6.459999999999907,0.3003440131757646
6.4699999999999065,0.30031138192944135
6.479999999999906,0.3002786969233708
6.489999999999906,0.300245958159541
6.499999999999906,0.3002131654427998
6.509999999999906,0.3001803185647373
6.519999999999905,0.3001474172962596
6.529999999999905,0.30011446141803927
6.539999999999905,0.3000814507402051
6.549999999999905,0.30004838531323946
6.559999999999905,0.3000152648199759
6.569999999999904,0.2999820873937027
6.579999999999904,0.2999488535717446
6.589999999999904,0.2999155613600638
6.599999999999904,0.29988221166009366
6.6099999999999035,0.29984880415166826
6.619999999999903,0.29981533858176096
6.629999999999903,0.2997818145334298
6.639999999999903,0.2997482320081563
6.649999999999903,0.29971459086476643
6.659999999999902,0.29968089090772393
6.669999999999902,0.2996471318728847
6.679999999999902,0.29961331408861447
6.689999999999902,0.2995794360294487
6.699999999999902,0.29954549434604416
6.709999999999901,0.29951149268145155
6.719999999999901,0.2994774308347487
6.729999999999901,0.2994433086066353
6.739999999999901,0.2994091257634641
6.7499999999999005,0.29937488207624746
6.7599999999999,0.29934057744207965
6.7699999999999,0.29930621168513427
6.7799999999999,0.29927178465570475
6.7899999999999,0.29923729589989256
6.7999999999998995,0.29920274522661094
6.809999999999899,0.2991681326476466
6.819999999999899,0.2991334582858807
6.829999999999899,0.29909872123939607
6.839999999999899,0.29906392096924195
6.849999999999898,0.29902905738912233
6.859999999999898,0.2989941309952904
6.869999999999898,0.29895914142205365
6.879999999999898,0.29892408824769134
6.8899999999998975,0.298888971334405
6.899999999999897,0.298853790544595
6.909999999999897,0.2988185457262736
6.919999999999897,0.2987832367806276
6.929999999999897,0.29874786296288247
6.9399999999998965,0.29871242428853684
6.949999999999896,0.298676921266188
6.959999999999896,0.29864135377994155
6.969999999999896,0.29860572156013915
6.979999999999896,0.2985700243552307
6.989999999999895,0.2985342618572215
6.999999999999895,0.29849843342281485
7.009999999999895,0.2984625385731001
7.019999999999895,0.29842657705887643
7.0299999999998946,0.29839054849159197
7.039999999999894,0.2983544524644004
7.049999999999894,0.2983182884566053
7.059999999999894,0.29828205640259975
7.069999999999894,0.29824575674668985
7.0799999999998935,0.29820938943739284
7.089999999999893,0.29817295411357253
7.099999999999893,0.29813645086027535
7.109999999999893,0.2980998795786965
7.119999999999893,0.29806324039749793
7.129999999999892,0.2980265337003053
7.139999999999892,0.29798975873084416
7.149999999999892,0.2979529151454277
7.159999999999892,0.2979160028898267
7.169999999999892,0.29787902184593
7.179999999999891,0.2978419719758958
7.189999999999891,0.29780485466846407
7.199999999999891,0.29776766791600373
7.209999999999891,0.2977304113153397
7.2199999999998905,0.2976930847781276
7.22999999999989,0.29765568878406035
7.23999999999989,0.29761822268300886
7.24999999999989,0.2975806863020554
7.25999999999989,0.29754307951903614
7.269999999999889,0.29750540232727146
7.279999999999889,0.2974676546482602
7.289999999999889,0.2974298361825894
7.299999999999889,0.297391947166512
7.309999999999889,0.29735398738154584
7.319999999999888,0.2973159566435096
7.329999999999888,0.29727785423817443
7.339999999999888,0.2972396791909278
7.349999999999888,0.2972014289386055
7.3599999999998875,0.29716310675894275
7.369999999999887,0.297124712590199
7.379999999999887,0.2970862463726127
7.389999999999887,0.2970477080382075
7.399999999999887,0.2970090974032076
7.4099999999998865,0.29697041433690446
7.419999999999886,0.29693165884950784
7.429999999999886,0.2968928309188086
7.439999999999886,0.2968539304601124
7.449999999999886,0.296814957429428
7.459999999999885,0.2967759116726818
7.469999999999885,0.2967367930933692
7.479999999999885,0.2966976015227744
7.489999999999885,0.29665833713242334
7.4999999999998845,0.2966189998728413
7.509999999999884,0.2965795891968263
7.519999999999884,0.2965401054716894
7.529999999999884,0.2965005487018361
7.539999999999884,0.2964609187409456
7.5499999999998835,0.296421215442362
7.559999999999883,0.2963814387344361
7.569999999999883,0.2963415887606048
7.579999999999883,0.2963016654984385
7.589999999999883,0.29626166924507036
7.599999999999882,0.2962216020061173
7.609999999999882,0.2961814614605314
7.619999999999882,0.29614124758370586
7.629999999999882,0.29610096032141026
7.6399999999998816,0.29606059961763637
7.649999999999881,0.2960201654783962
7.659999999999881,0.2959796579038724
7.669999999999881,0.29593907683660264
7.679999999999881,0.29589842187687293
7.6899999999998805,0.2958576933272369
7.69999999999988,0.2958168911249525
7.70999999999988,0.29577601477661414
7.71999999999988,0.29573506402861083
7.72999999999988,0.2956940387808415
7.739999999999879,0.2956529391053787
7.749999999999879,0.29561176484892243
7.759999999999879,0.2955705159841317
7.769999999999879,0.2955291924911752
7.779999999999879,0.29548779435283945
7.789999999999878,0.2954463213688583
7.799999999999878,0.2954047711945168
7.809999999999878,0.2953631427556596
7.819999999999878,0.29532143453597887
7.8299999999998775,0.2952796468187413
7.839999999999877,0.2952377795665027
7.849999999999877,0.295195832836948
7.859999999999877,0.2951538063414445
7.869999999999877,0.2951116999980885
7.879999999999876,0.29506951369930967
7.889999999999876,0.29502724776275413
7.899999999999876,0.29498490234786345
7.909999999999876,0.29494247719225275
7.919999999999876,0.29489997229306575
7.929999999999875,0.29485738768530223
7.939999999999875,0.29481472076140797
7.949999999999875,0.29477197048953746
7.959999999999875,0.29472913665693373
7.9699999999998745,0.29468621943007756
7.979999999999874,0.2946432188373184
7.989999999999874,0.2946001352376301
7.999999999999874,0.29455696830129413
8.009999999999874,0.294513717795017
8.019999999999873,0.2944703838099935
8.029999999999873,0.29442696656397743
8.039999999999873,0.2943834668692279
8.049999999999873,0.2943398838941793
8.059999999999873,0.2942962177824155
8.069999999999872,0.2942524687560921
8.079999999999872,0.29420863688453425
8.089999999999872,0.2941647221761001
8.099999999999872,0.2941207246654287
8.109999999999872,0.2940766442915064
8.119999999999871,0.2940324806823883
8.129999999999871,0.2939882345720932
8.139999999999871,0.29394390575776985
8.14999999999987,0.2938994940430617
8.15999999999987,0.2938549994965458
8.16999999999987,0.29381042223020515
8.17999999999987,0.2937657623833642
8.18999999999987,0.2937210200047309
8.19999999999987,0.29367619511194476
8.20999999999987,0.293631287934052
8.21999999999987,0.29358629930761326
8.229999999999869,0.29354122847462544
8.239999999999869,0.29349607439983233
8.249999999999869,0.29345083802239974
8.259999999999868,0.29340551945235244
8.269999999999868,0.293360118785841
8.279999999999868,0.2933146360385336
8.289999999999868,0.2932690715521355
8.299999999999867,0.29322342547767316
8.309999999999867,0.29317769777463737
8.319999999999867,0.2931318885351528
8.329999999999867,0.2930859971145957
8.339999999999867,0.2930400241729636
8.349999999999866,0.2929939699032764
8.359999999999866,0.29294783446744516
8.369999999999866,0.2929016180329407
8.379999999999866,0.2928553206157135
8.389999999999866,0.29280894230332755
8.399999999999865,0.292762481326316
8.409999999999865,0.292715932855314
8.419999999999865,0.29266930340240543
8.429999999999865,0.29262259337655927
8.439999999999864,0.2925758028622878
8.449999999999864,0.2925289321563873
8.459999999999864,0.2924819812596146
8.469999999999864,0.2924349502129722
8.479999999999864,0.2923878390741084
8.489999999999863,0.2923406478851681
8.499999999999863,0.2922933767493535
8.509999999999863,0.2922460257991771
8.519999999999863,0.2921985952125804
8.529999999999863,0.29215108501361287
8.539999999999862,0.29210349488275295
8.549999999999862,0.2920558248480837
8.559999999999862,0.2920080749388309
8.569999999999862,0.2919602453193316
8.579999999999862,0.29191233549000417
8.589999999999861,0.29186434501193576
8.599999999999861,0.29181627491544787
8.60999999999986,0.29176812647030737
8.61999999999986,0.29171990176464024
8.62999999999986,0.2916715981658651
8.63999999999986,0.2916232159041849
8.64999999999986,0.29157475507787983
8.65999999999986,0.29152621570213066
8.66999999999986,0.2914775978583346
8.67999999999986,0.29142890121205456
8.68999999999986,0.29138012598873775
8.699999999999859,0.2913312724112441
8.709999999999859,0.291282340492724
8.719999999999859,0.2912333292991284
8.729999999999858,0.29118424034194
8.739999999999858,0.29113507352914114
8.749999999999858,0.2910858293926913
8.759999999999858,0.2910365079261648
8.769999999999857,0.2909871090626889
8.779999999999857,0.29093763310269344
8.789999999999857,0.2908880800214717
8.799999999999857,0.2908384502041641
8.809999999999857,0.2907887446571449
8.819999999999856,0.2907389684896108
8.829999999999856,0.29068911597496094
8.839999999999856,0.29063918733350746
8.849999999999856,0.2905891828769053
8.859999999999856,0.2905391025350845
8.869999999999855,0.290488945915885
8.879999999999855,0.29043871353313055
8.889999999999855,0.2903884057005068
8.899999999999855,0.2903380225717658
8.909999999999854,0.2902875642927308
8.919999999999854,0.29023703109607235
8.929999999999854,0.2901864239009033
8.939999999999854,0.2901357423399357
8.949999999999854,0.2900849862796598
8.959999999999853,0.2900341557404428
8.969999999999853,0.2899832505706402
8.979999999999853,0.28993227067289185
8.989999999999853,0.28988121639526593
8.999999999999853,0.28983008810505956
9.009999999999852,0.2897788859530037
9.019999999999852,0.28972761014104625
9.029999999999852,0.28967626093264187
9.039999999999852,0.2896248382220138
9.049999999999851,0.2895733422578198
9.059999999999851,0.2895217731849373
9.069999999999851,0.28947013119412274
9.07999999999985,0.28941841631012166
9.08999999999985,0.2893666286287792
9.09999999999985,0.2893147682121023
9.10999999999985,0.28926283467932307
9.11999999999985,0.2892108285223264
9.12999999999985,0.2891587496706791
9.13999999999985,0.2891065984283272
9.14999999999985,0.2890543755017608
9.15999999999985,0.2890020805808871
9.169999999999849,0.2889497139324671
9.179999999999849,0.28889727571824025
9.189999999999849,0.2888447661199053
9.199999999999848,0.2887921853202849
9.209999999999848,0.28873953353040743
9.219999999999848,0.2886868109300492
9.229999999999848,0.2886340177320773
9.239999999999847,0.28858115437021903
9.249999999999847,0.28852822080179624
9.259999999999847,0.28847521726910197
9.269999999999847,0.28842214407776867
9.279999999999847,0.28836900126698695
9.289999999999846,0.28831578918585044
9.299999999999846,0.2882625081153345
9.309999999999846,0.2882091577364972
9.319999999999846,0.28815573859722216
9.329999999999846,0.28810225082283203
9.339999999999845,0.2880486945237007
9.349999999999845,0.28799507006991376
9.359999999999845,0.28794137803807013
9.369999999999845,0.28788761836999394
9.379999999999844,0.287833790527331
9.389999999999844,0.2877798953228181
9.399999999999844,0.2877259331223397
9.409999999999844,0.28767190403227855
9.419999999999844,0.28761780789113306
9.429999999999843,0.2875636451868659
9.439999999999843,0.2875094162057274
9.449999999999843,0.2874551210428788
9.459999999999843,0.28740075993691216
9.469999999999843,0.28734633304741786
9.479999999999842,0.2872918405649053
9.489999999999842,0.2872372827570209
9.499999999999842,0.2871826598123954
9.509999999999842,0.28712797189318795
9.519999999999841,0.28707321919302997
9.529999999999841,0.28701840191413974
9.539999999999841,0.2869635202619508
9.54999999999984,0.28690857443744777
9.55999999999984,0.28685356464187334
9.56999999999984,0.28679849156520976
9.57999999999984,0.2867433549357282
9.58999999999984,0.28668815487386956
9.59999999999984,0.28663289141475223
9.60999999999984,0.2865775650363705
9.61999999999984,0.2865221762786186
9.62999999999984,0.286466725132346
9.639999999999839,0.28641121155117516
9.649999999999839,0.286355635443119
9.659999999999838,0.28629999715526355
9.669999999999838,0.28624429690409925
9.679999999999838,0.2861885349080186
9.689999999999838,0.2861327122824099
9.699999999999838,0.2860768284304398
9.709999999999837,0.28602088351736055
9.719999999999837,0.28596487776640184
9.729999999999837,0.2859088112914192
9.739999999999837,0.2858526841795908
9.749999999999837,0.28579649650029737
9.759999999999836,0.2857402481798707
9.769999999999836,0.28568393940109005
9.779999999999836,0.2856275709362716
9.789999999999836,0.2855711433704578
9.799999999999836,0.2855146554068544
9.809999999999835,0.2854581074912084
9.819999999999835,0.28540150009815257
9.829999999999835,0.28534483340996525
9.839999999999835,0.28528810732627596
9.849999999999834,0.2852313221294875
9.859999999999834,0.2851744781181873
9.869999999999834,0.28511757551242023
9.879999999999834,0.28506061452711257
9.889999999999834,0.2850035953889253
9.899999999999833,0.28494651652426023
9.909999999999833,0.28488937884940346
9.919999999999833,0.28483218392827003
9.929999999999833,0.2847749317230435
9.939999999999833,0.2847176227805933
9.949999999999832,0.28466025833277464
9.959999999999832,0.2846028359609052
9.969999999999832,0.28454535562455696
9.979999999999832,0.2844878174202346
9.989999999999831,0.2844302215253177
9.999999999999831,0.2843725678051336
10.009999999999831,0.2843148562036725
10.01999999999983,0.2842570868093802
10.02999999999983,0.2841992596980265
10.03999999999983,0.2841413750252209
10.04999999999983,0.2840834332592658
10.05999999999983,0.28402543438245875
10.06999999999983,0.2839673772866649
10.07999999999983,0.28390926176769665
10.08999999999983,0.2838510878497691
10.09999999999983,0.28379285571491875
10.109999999999829,0.28373456560856014
10.119999999999829,0.28367621783737346
10.129999999999828,0.28361781270574693
10.139999999999828,0.2835593504940371
10.149999999999828,0.2835008313403734
10.159999999999828,0.2834422554168527
10.169999999999828,0.28338362301976405
10.179999999999827,0.2833249344153596
10.189999999999827,0.2832661898007602
10.199999999999827,0.2832073895779946
10.209999999999827,0.2831485338999861
10.219999999999827,0.28308962260498294
10.229999999999826,0.28303065626805657
10.239999999999826,0.2829716351749161
10.249999999999826,0.2829125603699397
10.259999999999826,0.2828534312945138
10.269999999999825,0.2827942483796317
10.279999999999825,0.2827350124837343
10.289999999999825,0.28267572459947643
10.299999999999825,0.2826163830802206
10.309999999999825,0.28255698823976405
10.319999999999824,0.28249754023844276
10.329999999999824,0.2824380392850913
10.339999999999824,0.28237848562473605
10.349999999999824,0.28231887943311634
10.359999999999824,0.2822592209663932
10.369999999999823,0.2821995104978901
10.379999999999823,0.2821397485128658
10.389999999999823,0.2820799344151168
10.399999999999823,0.2820200688092929
10.409999999999823,0.2819601520060022
10.419999999999822,0.2819001839366546
10.429999999999822,0.281840162713644
10.439999999999822,0.2817800910384609
10.449999999999822,0.2817199729278201
10.459999999999821,0.28165981197268497
10.469999999999821,0.2815996019364705
10.479999999999821,0.28153934347295106
10.48999999999982,0.2814790367652642
10.49999999999982,0.2814186818188413
10.50999999999982,0.28135827687879233
10.51999999999982,0.28129782410519893
10.52999999999982,0.28123732354200137
10.53999999999982,0.28117678642632576
10.54999999999982,0.28111620417385275
10.55999999999982,0.28105557533511377
10.569999999999819,0.28099490017119005
10.579999999999819,0.2809341788780627
10.589999999999819,0.2808734116523147
10.599999999999818,0.28081259888491295
10.609999999999818,0.280751740759746
10.619999999999818,0.2806908376333084
10.629999999999818,0.28062988987522325
10.639999999999818,0.2805688976821823
10.649999999999817,0.28050786130432487
10.659999999999817,0.280446781005019
10.669999999999817,0.28038565703514623
10.679999999999817,0.28032448969207713
10.689999999999817,0.28026327921979804
10.699999999999816,0.28020203018235207
10.709999999999816,0.2801407383673873
10.719999999999816,0.2800794039946775
10.729999999999816,0.2800180256739894
10.739999999999815,0.2799566050328752
10.749999999999815,0.27989514245368696
10.759999999999815,0.27983363793887944
10.769999999999815,0.2797720917058616
10.779999999999815,0.27971050396164293
10.789999999999814,0.2796488748744549
10.799999999999814,0.2795872047313756
10.809999999999814,0.27952549378465763
10.819999999999814,0.2794637422684439
10.829999999999814,0.27940195054224976
10.839999999999813,0.2793401191733302
10.849999999999813,0.27927824831641246
10.859999999999813,0.27921633806932583
10.869999999999813,0.2791543876770435
10.879999999999812,0.27909239619923354
10.889999999999812,0.27903036652595437
10.899999999999812,0.2789682986817887
10.909999999999812,0.27890619298831976
10.919999999999812,0.27884404971520044
10.929999999999811,0.2787818691330677
10.939999999999811,0.27871965145657474
10.949999999999811,0.27865739689455293
10.95999999999981,0.2785951056890759
10.96999999999981,0.27853277822752875
10.97999999999981,0.27847041473872536
10.98999999999981,0.2784080154960534
10.99999999999981,0.27834558088475986
11.00999999999981,0.2782831110135254
11.01999999999981,0.2782206060709176
11.02999999999981,0.2781580662065261
11.039999999999809,0.2780954917357538
11.049999999999809,0.2780328828917525
11.059999999999809,0.2779702398993737
11.069999999999808,0.2779075632717101
11.079999999999808,0.27784485320518876
11.089999999999808,0.2777821098368691
11.099999999999808,0.27771933338928684
11.109999999999808,0.2776565246020548
11.119999999999807,0.27759368333107515
11.129999999999807,0.2775308098990458
11.139999999999807,0.2774679045697906
11.149999999999807,0.27740496747551185
11.159999999999807,0.2773419986123065
11.169999999999806,0.2772789984450632
11.179999999999806,0.2772159673439149
11.189999999999806,0.27715290557392414
11.199999999999806,0.27708981337909316
11.209999999999805,0.2770266904609029
11.219999999999805,0.2769635376457845
11.229999999999805,0.27690035478941466
11.239999999999805,0.2768371424788233
11.249999999999805,0.27677390124390583
11.259999999999804,0.27671063127711454
11.269999999999804,0.2766473327641167
11.279999999999804,0.276584005936451
11.289999999999804,0.27652065105189094
11.299999999999804,0.27645726899449213
11.309999999999803,0.27639385975057035
11.319999999999803,0.27633042326713525
11.329999999999803,0.276266959865586
11.339999999999803,0.276203469813135
11.349999999999802,0.2761399533807652
11.359999999999802,0.2760764108903585
11.369999999999802,0.27601284184323327
11.379999999999802,0.27594924721504305
11.389999999999802,0.2758856267899094
11.399999999999801,0.2758219809414786
11.409999999999801,0.27575831039173254
11.419999999999801,0.27569461535259715
11.4299999999998,0.2756308962671393
11.4399999999998,0.2755671533335852
11.4499999999998,0.27550338678988845
11.4599999999998,0.2754395968811459
11.4699999999998,0.2753757835453422
11.4799999999998,0.2753119471602936
11.4899999999998,0.2752480880377673
11.4999999999998,0.27518420663788995
11.509999999999799,0.2751203032414765
11.519999999999799,0.27505637811493105
11.529999999999799,0.2749924313729751
11.539999999999798,0.27492846323206827
11.549999999999798,0.27486447482374765
11.559999999999798,0.2748004674332532
11.569999999999798,0.2747364407460148
11.579999999999798,0.2746723941887865
11.589999999999797,0.27460832769259313
11.599999999999797,0.2745442416043177
11.609999999999797,0.2744801361175592
11.619999999999797,0.2744160112314614
11.629999999999797,0.27435186739737555
11.639999999999796,0.27428770480555886
11.649999999999796,0.27422352395370686
11.659999999999796,0.2741593260890654
11.669999999999796,0.27409511040113904
11.679999999999795,0.2740308770640116
11.689999999999795,0.273966626333465
11.699999999999795,0.2739023588619909
11.709999999999795,0.27383807464350207
11.719999999999795,0.27377377367424227
11.729999999999794,0.2737094562971642
11.739999999999794,0.2736451227742394
11.749999999999794,0.2735807733630297
11.759999999999794,0.27351640832892987
11.769999999999794,0.2734520276130497
11.779999999999793,0.27338763135108085
11.789999999999793,0.2733232200560958
11.799999999999793,0.27325879368633527
11.809999999999793,0.273194352451521
11.819999999999792,0.27312989660953235
11.829999999999792,0.2730654266002823
11.839999999999792,0.27300094310037293
11.849999999999792,0.27293644576002996
11.859999999999792,0.2728719348217147
11.869999999999791,0.2728074106355148
11.879999999999791,0.272742873417209
11.889999999999791,0.2726783234239717
11.89999999999979,0.27261376090814765
11.90999999999979,0.27254918589852606
11.91999999999979,0.272484598555496
11.92999999999979,0.27241999944032746
11.93999999999979,0.27235538889447825
11.94999999999979,0.2722907672236016
11.95999999999979,0.2722261347699456
11.96999999999979,0.27216149108993026
11.979999999999789,0.27209683637419396
11.989999999999789,0.27203217145609876
11.999999999999789,0.2719674965913158
12.009999999999788,0.2719028120264598
12.019999999999788,0.2718381179728594
12.029999999999788,0.2717734156494728
12.039999999999788,0.27170870440261485
12.049999999999788,0.2716439846160472
12.059999999999787,0.27157925654266607
12.069999999999787,0.2715145202874025
12.079999999999787,0.271449775935659
12.089999999999787,0.27138502373697093
12.099999999999786,0.27132026282783217
12.109999999999786,0.27125549276964556
12.119999999999786,0.27119071333327804
12.129999999999786,0.2711259248615766
12.139999999999786,0.27106112763731843
12.149999999999785,0.2709963217252117
12.159999999999785,0.2709315076834364
12.169999999999785,0.27086668538202646
12.179999999999785,0.2708018545964831
12.189999999999785,0.2707370160595843
12.199999999999784,0.2706721698748426
12.209999999999784,0.2706073162891585
12.219999999999784,0.2705424555437189
12.229999999999784,0.27047758779971803
12.239999999999783,0.27041271329356437
12.249999999999783,0.2703478322847736
12.259999999999783,0.2702829450558265
12.269999999999783,0.2702180518593948
12.279999999999783,0.2701531550916433
12.289999999999782,0.2700882576319372
12.299999999999782,0.2700233551161092
12.309999999999782,0.2699584607703935
12.319999999999782,0.2698935636201469
12.329999999999782,0.2698286625374008
12.339999999999781,0.2697637577644677
12.349999999999781,0.26969884954244405
12.359999999999781,0.2696339380416308
12.36999999999978,0.26956902549708467
12.37999999999978,0.2695041102083939
12.38999999999978,0.26943919257070786
12.39999999999978,0.2693742728583988
12.40999999999978,0.26930935132975936
12.41999999999978,0.26924442825162553
12.42999999999978,0.2691795036688812
12.43999999999978,0.26911457803537225
12.449999999999779,0.26904965163946776
12.459999999999779,0.2689847247465886
12.469999999999779,0.2689197976196436
12.479999999999778,0.2688548705293826
12.489999999999778,0.26878994031055126
12.499999999999778,0.2687250163180661
12.509999999999778,0.26866009643567423
12.519999999999778,0.26859517695172735
12.529999999999777,0.2685302582396217
12.539999999999777,0.26846534074818945
12.549999999999777,0.2684004247459039
12.559999999999777,0.26833551057693095
12.569999999999776,0.26827059839456585
12.579999999999776,0.2682056885713531
12.589999999999776,0.26814078137388064
12.599999999999776,0.2680758766417362
12.609999999999776,0.26801097407776614
12.619999999999775,0.26794607371948465
12.629999999999775,0.2678811766612278
12.639999999999775,0.2678162836238149
12.649999999999775,0.26775139489532396
12.659999999999775,0.2676865107502356
12.669999999999774,0.26762163148324536
12.679999999999774,0.2675567573813044
12.689999999999774,0.2674918887688724
12.699999999999774,0.2674270261029371
12.709999999999773,0.2673621700713151
12.719999999999773,0.2672973198996491
12.729999999999773,0.2672324755027175
12.739999999999773,0.2671676379665059
12.749999999999773,0.2671028073484432
12.759999999999772,0.2670379840506067
12.769999999999772,0.2669731687045075
12.779999999999772,0.26690836248902206
12.789999999999772,0.2668435667882648
12.799999999999772,0.2667787798107916
12.809999999999771,0.26671400153669966
12.819999999999771,0.2666492322478159
12.829999999999771,0.26658447225110365
12.83999999999977,0.266519721733666
12.84999999999977,0.2664549817532634
12.85999999999977,0.2663902523643956
12.86999999999977,0.26632553303560136
12.87999999999977,0.2662608238609164
12.88999999999977,0.2661961246854472
12.89999999999977,0.2661314357602397
12.90999999999977,0.26606675767442983
12.919999999999769,0.2660020906504664
12.929999999999769,0.26593743494709443
12.939999999999769,0.265872790826308
12.949999999999768,0.26580815865145974
12.959999999999768,0.26574353859262273
12.969999999999768,0.26567893098892453
12.979999999999768,0.26561433611298974
12.989999999999768,0.26554975423753685
12.999999999999767,0.26548518564604856
13.009999999999767,0.2654206304753183
13.019999999999767,0.2653560890760432
13.029999999999767,0.26529156177177915
13.039999999999766,0.26522704880321557
13.049999999999766,0.2651625504546039
13.059999999999766,0.26509806683397785
13.069999999999766,0.26503359854047365
13.079999999999766,0.2649691457465537
13.089999999999765,0.26490470851308373
13.099999999999765,0.26484028710598173
13.109999999999765,0.2647758816720566
13.119999999999765,0.26471149210561207
13.129999999999765,0.2646471189721492
13.139999999999764,0.26458276267287
13.149999999999764,0.264518423622918
13.159999999999764,0.2644541019944736
13.169999999999764,0.26438979791489575
13.179999999999763,0.2643255116701716
13.189999999999763,0.2642612434197299
13.199999999999763,0.2641969934215605
13.209999999999763,0.2641327588208164
13.219999999999763,0.26406854306845357
13.229999999999762,0.26400434655672494
13.239999999999762,0.26394016957252536
13.249999999999762,0.2638760125370212
13.259999999999762,0.263811875984507
13.269999999999762,0.2637477597128142
13.279999999999761,0.26368366381819563
13.289999999999761,0.26361958830981363
13.299999999999761,0.2635555338262719
13.30999999999976,0.26349150064519067
13.31999999999976,0.2634274889832713
13.32999999999976,0.2633634991079168
13.33999999999976,0.26329953128499717
13.34999999999976,0.2632355857623698
13.35999999999976,0.26317166285461574
13.36999999999976,0.2631077628907073
13.37999999999976,0.2630438861026337
13.389999999999759,0.26298003268999537
13.399999999999759,0.26291620289544954
13.409999999999759,0.2628523966264083
13.419999999999758,0.26278861401918757
13.429999999999758,0.2627248561344633
13.439999999999758,0.2626611228353576
13.449999999999758,0.26259741434961886
13.459999999999757,0.26253373096519356
13.469999999999757,0.26247007294781277
13.479999999999757,0.2624064405609419
13.489999999999757,0.262342833816432
13.499999999999757,0.262279253242886
13.509999999999756,0.2622156990591766
13.519999999999756,0.2621521715060632
13.529999999999756,0.26208867076156184
13.539999999999756,0.2620251970687379
13.549999999999756,0.26196175076781636
13.559999999999755,0.26189833229258414
13.569999999999755,0.2618349415408213
13.579999999999755,0.2617715787935178
13.589999999999755,0.261708244130304
13.599999999999755,0.2616449374182255
13.609999999999754,0.26158165954790774
13.619999999999754,0.26151841074597987
13.629999999999754,0.26145519121252775
13.639999999999754,0.2613920012034213
13.649999999999753,0.2613288409210367
13.659999999999753,0.26126571051042374
13.669999999999753,0.26120261015464713
13.679999999999753,0.2611395401841783
13.689999999999753,0.2610765008857431
13.699999999999752,0.2610134926888349
13.709999999999752,0.2609505156289489
13.719999999999752,0.2608875697995527
13.729999999999752,0.2608246555658144
13.739999999999752,0.2607617731872522
13.749999999999751,0.26069892267868944
13.759999999999751,0.26063610408212123
13.76999999999975,0.260573317262787
13.77999999999975,0.26051056357319513
13.78999999999975,0.2604478424587413
13.79999999999975,0.2603851540164057
13.80999999999975,0.26032249800166013
13.81999999999975,0.26025987531905637
13.82999999999975,0.26019728615185067
13.83999999999975,0.260134730789473
13.84999999999975,0.2600722092308293
13.859999999999749,0.26000972187864224
13.869999999999749,0.2599472688899181
13.879999999999749,0.25988485057582683
13.889999999999748,0.25982246723248964
13.899999999999748,0.2597601191597814
13.909999999999748,0.25969780651934016
13.919999999999748,0.25963552954063246
13.929999999999747,0.25957328843113936
13.939999999999747,0.25951108382451454
13.949999999999747,0.25944891488763383
13.959999999999747,0.25938678248578734
13.969999999999747,0.25932468692918414
13.979999999999746,0.25926262839973824
13.989999999999746,0.25920060707987364
13.999999999999746,0.25913862315774855
14.009999999999746,0.25907667688803876
14.019999999999746,0.2590147685073442
14.029999999999745,0.25895289817492
14.039999999999745,0.25889106464568634
14.049999999999745,0.2588292678691913
14.059999999999745,0.25876750976812946
14.069999999999744,0.2587057906789219
14.079999999999744,0.2586441107980649
14.089999999999744,0.2585824703777687
14.099999999999744,0.25852086978371014
14.109999999999744,0.25845930916961596
14.119999999999743,0.2583977885075678
14.129999999999743,0.2583363078191622
14.139999999999743,0.25827486712867254
14.149999999999743,0.2582134666279973
14.159999999999743,0.2581521066033144
14.169999999999742,0.258090788694427
14.179999999999742,0.2580295134362125
14.189999999999742,0.25796827908956704
14.199999999999742,0.257907085756418
14.209999999999742,0.2578459336450292
14.219999999999741,0.2577848230004183
14.229999999999741,0.25772375408189785
14.23999999999974,0.2576627272893115
14.24999999999974,0.2576017422312087
14.25999999999974,0.25754079947454145
14.26999999999974,0.25747989928200715
14.27999999999974,0.2574190418764899
14.28999999999974,0.2573582275194097
14.29999999999974,0.25729745638608537
14.30999999999974,0.2572367283983927
14.31999999999974,0.2571760435766649
14.329999999999739,0.2571154026184561
14.339999999999739,0.2570548061303946
14.349999999999739,0.25699425432202316
14.359999999999738,0.2569337472055615
14.369999999999738,0.2568732848568669
14.379999999999738,0.2568128674615939
14.389999999999738,0.25675249524086724
14.399999999999737,0.2566921728328628
14.409999999999737,0.25663189844745193
14.419999999999737,0.25657167013971216
14.429999999999737,0.256511488049552
14.439999999999737,0.25645135231332106
14.449999999999736,0.25639126390719397
14.459999999999736,0.25633122052788565
14.469999999999736,0.25627122424146626
14.479999999999736,0.25621127587942777
14.489999999999736,0.25615137529365456
14.499999999999735,0.2560915225131947
14.509999999999735,0.2560317177562576
14.519999999999735,0.2559719612422104
14.529999999999735,0.2559122526067111
14.539999999999734,0.25585259249820413
14.549999999999734,0.2557929815870116
14.559999999999734,0.2557334198780807
14.569999999999734,0.25567390754556724
14.579999999999734,0.25561444481199846
14.589999999999733,0.25555503189687856
14.599999999999733,0.25549566902048193
14.609999999999733,0.25543635640847867
14.619999999999733,0.25537709421101046
14.629999999999733,0.2553178826858136
14.639999999999732,0.2552587219213283
14.649999999999732,0.25519961226138327
14.659999999999732,0.25514055372634165
14.669999999999732,0.2550815469442903
14.679999999999731,0.25502259064102367
14.689999999999731,0.2549636860953214
14.699999999999731,0.25490483392784985
14.70999999999973,0.2548460344183417
14.71999999999973,0.25478728783175714
14.72999999999973,0.2547285944114062
14.73999999999973,0.2546699543922475
14.74999999999973,0.2546113680142595
14.75999999999973,0.25455283549125
14.76999999999973,0.2544943570229572
14.77999999999973,0.25443593286736516
14.78999999999973,0.25437756298096587
14.799999999999729,0.25431924594397803
14.809999999999729,0.2542609838460461
14.819999999999729,0.25420277656402457
14.829999999999728,0.25414462451719505
14.839999999999728,0.25408652794216685
14.849999999999728,0.2540284870691052
14.859999999999728,0.25397050209685673
14.869999999999727,0.25391257327039585
14.879999999999727,0.2538547007719918
14.889999999999727,0.25379688472267614
14.899999999999727,0.2537391254724656
14.909999999999727,0.25368142330257104
14.919999999999726,0.25362377834785954
14.929999999999726,0.25356619056153135
14.939999999999726,0.25350866067313643
14.949999999999726,0.2534511889417939
14.959999999999726,0.2533937755020776
14.969999999999725,0.2533364204931055
14.979999999999725,0.2532791236035555
14.989999999999725,0.25322188483707897
14.999999999999725,0.25316470401938773
15.009999999999724,0.253107581227289
15.019999999999724,0.2530505168411477
15.029999999999724,0.2529935121715313
15.039999999999724,0.2529365670922663
15.049999999999724,0.2528796813638841
15.059999999999723,0.25282285583309483
15.069999999999723,0.2527660900957075
15.079999999999723,0.25270938502835144
15.089999999999723,0.25265274023462764
15.099999999999723,0.2525961559849864
15.109999999999722,0.2525396326771749
15.119999999999722,0.25248317031755213
15.129999999999722,0.25242676912180656
15.139999999999722,0.252370429308051
15.149999999999721,0.25231415109294564
15.159999999999721,0.2522579346989356
15.169999999999721,0.25220178033856644
15.17999999999972,0.25214568813105825
15.18999999999972,0.2520896582224125
15.19999999999972,0.2520336909571773
15.20999999999972,0.2519777865953894
15.21999999999972,0.251921945316805
15.22999999999972,0.2518661661165591
15.23999999999972,0.25181045018445225
15.24999999999972,0.2517547980679753
15.25999999999972,0.25169920980318705
15.269999999999719,0.2516436856533188
15.279999999999719,0.2515882258210822
15.289999999999718,0.25153282810037775
15.299999999999718,0.251477495343417
15.309999999999718,0.25142222779924334
15.319999999999718,0.2513670254573823
15.329999999999718,0.2513118884824711
15.339999999999717,0.25125681706917813
15.349999999999717,0.2512018114260767
15.359999999999717,0.25114687174637385
15.369999999999717,0.2510919982188938
15.379999999999717,0.2510371913110732
15.389999999999716,0.2509824514536471
15.399999999999716,0.25092777883799733
15.409999999999716,0.25087317363946476
15.419999999999716,0.250818636133099
15.429999999999715,0.2507641664921979
15.439999999999715,0.2507097648844023
15.449999999999715,0.25065543149348496
15.459999999999715,0.25060116653342934
15.469999999999715,0.2505469702701828
15.479999999999714,0.2504928443038264
15.489999999999714,0.25043878747350595
15.499999999999714,0.25038479981022577
15.509999999999714,0.25033088156737987
15.519999999999714,0.25027703101233767
15.529999999999713,0.25022325026039755
15.539999999999713,0.25016953970985195
15.549999999999713,0.2501158995086622
15.559999999999713,0.25006232980771076
15.569999999999713,0.25000883065448226
15.579999999999712,0.24995540253811094
15.589999999999712,0.2499020455876085
15.599999999999712,0.24984875975216167
15.609999999999712,0.24979554537340748
15.619999999999711,0.24974240240846407
15.629999999999711,0.24968933165320184
15.639999999999711,0.24963633256574413
15.64999999999971,0.2495834071135017
15.65999999999971,0.24953055378090416
15.66999999999971,0.2494777724036562
15.67999999999971,0.24942506311062074
15.68999999999971,0.24937242568784562
15.69999999999971,0.2493198597276698
15.70999999999971,0.24926736646352665
15.71999999999971,0.24921494605246156
15.729999999999709,0.24916259933507462
15.739999999999709,0.24911032763547905
15.749999999999709,0.249058129336882
15.759999999999708,0.24900600462909792
15.769999999999708,0.24895395372272003
15.779999999999708,0.2489019767975907
15.789999999999708,0.2488500741614665
15.799999999999708,0.2487982458534073
15.809999999999707,0.2487464920510927
15.819999999999707,0.24869480768101146
15.829999999999707,0.24864319255928052
15.839999999999707,0.2485916522861578
15.849999999999707,0.2485401870827709
15.859999999999706,0.24848879710091762
15.869999999999706,0.24843748258015697
15.879999999999706,0.2483862437392317
15.889999999999706,0.24833508077843583
15.899999999999705,0.24828399368205428
15.909999999999705,0.24823298269843483
15.919999999999705,0.24818204804457578
15.929999999999705,0.2481311895573903
15.939999999999705,0.24808040766875228
15.949999999999704,0.24802970264468432
15.959999999999704,0.24797907466318167
15.969999999999704,0.24792852388069486
15.979999999999704,0.24787805047061293
15.989999999999704,0.24782765462310447
15.999999999999703,0.24777733651851208
16.009999999999703,0.24772709622342826
16.019999999999705,0.2476769339739996
16.029999999999706,0.24762684999373533
16.039999999999708,0.24757684450325948
16.04999999999971,0.24752691525257756
16.05999999999971,0.2474770574473634
16.069999999999713,0.24742727831567946
16.079999999999714,0.24737757818756304
16.089999999999716,0.24732795715929637
16.099999999999717,0.24727841564271494
16.10999999999972,0.24722895389610808
16.11999999999972,0.2471795716201051
16.129999999999722,0.24713026653924747
16.139999999999723,0.24708104119141108
16.149999999999725,0.24703189586102975
16.159999999999727,0.24698283073925728
16.169999999999728,0.24693384587948441
16.17999999999973,0.24688494152794885
16.18999999999973,0.24683611786606263
16.199999999999733,0.24678737504896314
16.209999999999734,0.24673871322177932
16.219999999999736,0.24669013240597873
16.229999999999738,0.2466416328678273
16.23999999999974,0.2465932146982407
16.24999999999974,0.2465448780586146
16.259999999999742,0.24649662310573678
16.269999999999744,0.2464484500174771
16.279999999999745,0.24640035923888667
16.289999999999747,0.2463523516762676
16.29999999999975,0.24630442739256114
16.30999999999975,0.24625658698085703
16.31999999999975,0.24620883096672186
16.329999999999753,0.2461611596602505
16.339999999999755,0.24611357287958918
16.349999999999756,0.24606607081643234
16.359999999999758,0.24601865371703405
16.36999999999976,0.2459713217783677
16.37999999999976,0.24592407515000664
16.389999999999763,0.2458769140239617
16.399999999999764,0.24582983857785376
16.409999999999766,0.24578284898399516
16.419999999999767,0.2457359453864871
16.42999999999977,0.24568912797082335
16.43999999999977,0.24564239688589354
16.449999999999772,0.24559575272727685
16.459999999999773,0.24554919648309026
16.469999999999775,0.2455027271025903
16.479999999999777,0.2454563449036736
16.489999999999778,0.24541005038712857
16.49999999999978,0.24536384383547036
16.50999999999978,0.24531772548779626
16.519999999999783,0.24527169552037323
16.529999999999784,0.2452257540992143
16.539999999999786,0.24517990139667908
16.549999999999788,0.24513413757641364
16.55999999999979,0.2450884626464589
16.56999999999979,0.24504287695592214
16.579999999999792,0.24499738044762268
16.589999999999794,0.24495197329219018
16.599999999999795,0.24490665595430855
16.609999999999797,0.24486142874611935
16.6199999999998,0.24481629170212452
16.6299999999998,0.24477124492367883
16.6399999999998,0.24472628879496686
16.649999999999803,0.24468142374007784
16.659999999999805,0.2446366494482035
16.669999999999806,0.24459196605968178
16.679999999999808,0.24454737379154706
16.68999999999981,0.24450287273725116
16.69999999999981,0.24445846275086064
16.709999999999813,0.24441414407801498
16.719999999999814,0.24436991689928986
16.729999999999816,0.24432578134204783
16.739999999999817,0.24428173779008186
16.74999999999982,0.24423778702282195
16.75999999999982,0.24419392833942621
16.769999999999822,0.2441501619655369
16.779999999999824,0.24410648742356897
16.789999999999825,0.24406290416979898
16.799999999999827,0.2440194138563352
16.809999999999828,0.24397601454088008
16.81999999999983,0.24393270839554598
16.82999999999983,0.24388949582073322
16.839999999999833,0.24384637660665487
16.849999999999834,0.24380335147325902
16.859999999999836,0.2437604209579034
16.869999999999838,0.24371758494941392
16.87999999999984,0.24367484358195818
16.88999999999984,0.24363219704408975
16.899999999999842,0.24358964542379877
16.909999999999844,0.24354718889552415
16.919999999999845,0.24350482766475548
16.929999999999847,0.24346256202440358
16.93999999999985,0.2434203921807194
16.94999999999985,0.24337831832319098
16.95999999999985,0.24333634063310072
16.969999999999853,0.24329445920175755
16.979999999999855,0.24325267421606697
16.989999999999856,0.24321098589714804
16.999999999999858,0.243169394463096
17.00999999999986,0.24312790010142063
17.01999999999986,0.24308650294865905
17.029999999999863,0.2430452027643584
17.039999999999864,0.2430039990566349
17.049999999999866,0.24296289119921602
17.059999999999867,0.2429218790769173
17.06999999999987,0.2428809625889457
17.07999999999987,0.24284014189729478
17.089999999999872,0.24279941715498604
17.099999999999874,0.24275878847872093
17.109999999999875,0.24271825646167342
17.119999999999877,0.2426778208828162
17.129999999999878,0.2426374818196572
17.13999999999988,0.2425972392207492
17.14999999999988,0.24255709419358984
17.159999999999883,0.24251704597179916
17.169999999999884,0.24247709536211587
17.179999999999886,0.24243724216522217
17.189999999999888,0.24239748656693386
17.19999999999989,0.24235782818823878
17.20999999999989,0.2423182675088606
17.219999999999892,0.2422788046922619
17.229999999999894,0.24223943992921695
17.239999999999895,0.2422001732539479
17.249999999999897,0.2421610046523159
17.2599999999999,0.24212193451866992
17.2699999999999,0.24208296245110264
17.2799999999999,0.24204408870044694
17.289999999999903,0.24200531381975782
17.299999999999905,0.24196663787398537
17.309999999999906,0.24192806114957768
17.319999999999908,0.2418895837631326
17.32999999999991,0.24185120587867842
17.33999999999991,0.24181292764039522
17.349999999999913,0.24177474918345224
17.359999999999914,0.24173667147007086
17.369999999999916,0.24169869497695448
17.379999999999917,0.2416608199426682
17.38999999999992,0.24162304646903293
17.39999999999992,0.24158537451633744
17.409999999999922,0.24154780425546016
17.419999999999924,0.24151033618059675
17.429999999999925,0.24147297039002746
17.439999999999927,0.24143570697506228
17.44999999999993,0.2413985460524719
17.45999999999993,0.24136148774902974
17.46999999999993,0.24132453207065196
17.479999999999933,0.2412876788949472
17.489999999999934,0.24125092880480628
17.499999999999936,0.24121428190460187
17.509999999999938,0.24117773919018837
17.51999999999994,0.24114129972798518
17.52999999999994,0.24110496375444995
17.539999999999942,0.24106873071541576
17.549999999999944,0.24103260039821886
17.559999999999945,0.24099657356670307
17.569999999999947,0.24096064994106625
17.57999999999995,0.2409248292443674
17.58999999999995,0.24088911158847826
17.59999999999995,0.24085349708778991
17.609999999999953,0.240817985782224
17.619999999999955,0.24078257779040166
17.629999999999956,0.24074726959693948
17.639999999999958,0.24071206453625102
17.64999999999996,0.24067696321953974
17.65999999999996,0.24064196576066718
17.669999999999963,0.24060707225901606
17.679999999999964,0.2405722822221591
17.689999999999966,0.24053759588982446
17.699999999999967,0.24050301384618333
17.70999999999997,0.2404685362038484
17.71999999999997,0.24043416326088127
17.729999999999972,0.2403998956160876
17.739999999999974,0.24036573268923064
17.749999999999975,0.2403316745975433
17.759999999999977,0.24029772147194298
17.76999999999998,0.24026387349597253
17.77999999999998,0.24023013022168424
17.78999999999998,0.24019649181828398
17.799999999999983,0.24016295825658507
17.809999999999985,0.24012952757893477
17.819999999999986,0.24009620238955887
17.829999999999988,0.24006298292871137
17.83999999999999,0.2400298693074893
17.84999999999999,0.23999686163934342
17.859999999999992,0.23996396003858683
17.869999999999994,0.2399311647145076
17.879999999999995,0.23989847570362904
17.889999999999997,0.2398658931057778
17.9,0.23983341701945016
17.91,0.23980104755026252
17.92,0.23976878478773128
17.930000000000003,0.2397366286877108
17.940000000000005,0.23970457939033146
17.950000000000006,0.23967263744726777
17.960000000000008,0.2396407960485999
17.97000000000001,0.2396090611112906
17.98000000000001,0.23957743337032228
17.990000000000013,0.23954591290499141
18.000000000000014,0.23951449981191872
18.010000000000016,0.23948319415139924
18.020000000000017,0.2394519961504533
18.03000000000002,0.23942090529635046
18.04000000000002,0.2393899216223687
18.050000000000022,0.23935904578234293
18.060000000000024,0.23932827791600222
18.070000000000025,0.23929761811086578
18.080000000000027,0.23926706694854302
18.09000000000003,0.23923662472515375
18.10000000000003,0.2392062915832272
18.11000000000003,0.23917606763963345
18.120000000000033,0.2391459530076947
18.130000000000035,0.2391159477885861
18.140000000000036,0.2390860520543693
18.150000000000038,0.2390562676846612
18.16000000000004,0.23902659316327127
18.17000000000004,0.2389970283682401
18.180000000000042,0.23896757340303607
18.190000000000044,0.23893822836868991
18.200000000000045,0.23890899341369468
18.210000000000047,0.2388798686099934
18.22000000000005,0.23885085417504592
18.23000000000005,0.23882194988252278
18.24000000000005,0.23879315590799838
18.250000000000053,0.23876447233301384
18.260000000000055,0.23873589913939292
18.270000000000056,0.23870743641929015
18.280000000000058,0.2386790843614288
18.29000000000006,0.23865083848436952
18.30000000000006,0.2386227018776032
18.310000000000063,0.2385946764217439
18.320000000000064,0.23856676207655572
18.330000000000066,0.23853896149755655
18.340000000000067,0.23851127551182866
18.35000000000007,0.23848370430956806
18.36000000000007,0.2384562485103218
18.370000000000072,0.23842890823909443
18.380000000000074,0.2384016835926296
18.390000000000075,0.23837457593054637
18.400000000000077,0.23834758434565761
18.41000000000008,0.23832070870554556
18.42000000000008,0.23829394909235194
18.43000000000008,0.2382673055887493
18.440000000000083,0.23824077827247228
18.450000000000085,0.2382143673397113
18.460000000000086,0.23818807270466
18.470000000000088,0.23816189437525895
18.48000000000009,0.23813583257259022
18.49000000000009,0.23810988738080205
18.500000000000092,0.2380840587108942
18.510000000000094,0.23805834652525193
18.520000000000095,0.23803275133287666
18.530000000000097,0.23800727310511036
18.5400000000001,0.23798191189841572
18.5500000000001,0.23795666780179894
18.5600000000001,0.2379315408813889
18.570000000000103,0.23790653128987044
18.580000000000105,0.23788163996352935
18.590000000000106,0.23785686796923886
18.600000000000108,0.2378322164134198
18.61000000000011,0.23780768382134893
18.62000000000011,0.23778327040711003
18.630000000000113,0.23775897630049847
18.640000000000114,0.2377348016213595
18.650000000000116,0.2377107461565326
18.660000000000117,0.23768681012549558
18.67000000000012,0.2376629937628288
18.68000000000012,0.23763929710306267
18.690000000000122,0.2376157202490207
18.700000000000124,0.23759226363241243
18.710000000000125,0.23756892730107146
18.720000000000127,0.23754571112632333
18.73000000000013,0.23752261522928242
18.74000000000013,0.23749963968685378
18.75000000000013,0.23747678420413162
18.760000000000133,0.23745404920462762
18.770000000000135,0.23743143469377337
18.780000000000136,0.23740894060569073
18.790000000000138,0.2373865669752212
18.80000000000014,0.23736431386882953
18.81000000000014,0.23734218136639829
18.820000000000142,0.23732016952407717
18.830000000000144,0.23729827841297185
18.840000000000146,0.23727650813933424
18.850000000000147,0.23725485877790897
18.86000000000015,0.23723333040983852
18.87000000000015,0.23721192311197795
18.88000000000015,0.23719063677834654
18.890000000000153,0.23716947285996312
18.900000000000155,0.2371484297397339
18.910000000000156,0.23712750749795636
18.920000000000158,0.2371067064510457
18.93000000000016,0.23708602663176181
18.94000000000016,0.23706546812983056
18.950000000000163,0.2370450310253785
18.960000000000164,0.23702471532952166
18.970000000000166,0.23700452047049356
18.980000000000167,0.23698444695013673
18.99000000000017,0.23696449475079273
19.00000000000017,0.2369446635696756
19.010000000000172,0.23692495415712478
19.020000000000174,0.23690536658477848
19.030000000000175,0.23688590038926713
19.040000000000177,0.23686655568306964
19.05000000000018,0.23684733265399516
19.06000000000018,0.23682823137983047
19.07000000000018,0.23680925145863796
19.080000000000183,0.23679039198046933
19.090000000000185,0.23677165263474606
19.100000000000186,0.23675303308939336
19.110000000000188,0.23673453346396364
19.12000000000019,0.23671615440983518
19.13000000000019,0.2366978953267406
19.140000000000192,0.23667975652358525
19.150000000000194,0.2366617384262197
19.160000000000196,0.23664384057053628
19.170000000000197,0.2366260627920265
19.1800000000002,0.23660840525398016
19.1900000000002,0.2365908680786668
19.200000000000202,0.23657345133716234
19.210000000000203,0.23655615506038302
19.220000000000205,0.2365389792798271
19.230000000000206,0.23652192416190335
19.240000000000208,0.2365049898753191
19.25000000000021,0.2364881764760289
19.26000000000021,0.23647148397710835
19.270000000000213,0.23645491236817798
19.280000000000214,0.23643846175223743
19.290000000000216,0.2364221319549837
19.300000000000217,0.2364059232220871
19.31000000000022,0.2363898358166822
19.32000000000022,0.23637386981328348
19.330000000000222,0.2363580253814871
19.340000000000224,0.23634230345303422
19.350000000000225,0.23632670444606854
19.360000000000227,0.2363112280781484
19.37000000000023,0.23629587439545846
19.38000000000023,0.23628064357549006
19.39000000000023,0.23626553574104805
19.400000000000233,0.23625055075779464
19.410000000000235,0.23623568868538608
19.420000000000236,0.236220948911282
19.430000000000238,0.23620633082166956
19.44000000000024,0.2361918342448289
19.45000000000024,0.23617745841549367
19.460000000000242,0.23616320379079514
19.470000000000244,0.23614907056220952
19.480000000000246,0.2361350583403836
19.490000000000247,0.23612116766377617
19.50000000000025,0.23610739856177462
19.51000000000025,0.23609375081661066
19.520000000000252,0.23608022439164517
19.530000000000253,0.23606681948017338
19.540000000000255,0.23605353610860044
19.550000000000257,0.23604037427949873
19.560000000000258,0.23602733396905712
19.57000000000026,0.2360144151794957
19.58000000000026,0.2360016178979239
19.590000000000263,0.23598894199999892
19.600000000000264,0.23597638753981404
19.610000000000266,0.235963954573341
19.620000000000267,0.23595164312395667
19.63000000000027,0.23593945295572769
19.64000000000027,0.23592738388089748
19.650000000000272,0.23591543633984813
19.660000000000274,0.2359036103193348
19.670000000000275,0.23589190583984126
19.680000000000277,0.2358803230876823
19.69000000000028,0.2358688619358423
19.70000000000028,0.23585752228900272
19.71000000000028,0.23584630414308966
19.720000000000283,0.2358352074928995
19.730000000000285,0.23582423233901928
19.740000000000286,0.2358133786037596
19.750000000000288,0.23580264630363096
19.76000000000029,0.23579203548590247
19.77000000000029,0.23578154615611333
19.780000000000292,0.2357711783398196
19.790000000000294,0.2357609320444899
19.800000000000296,0.23575080732314274
19.810000000000297,0.2357408041888258
19.8200000000003,0.23573092274651583
19.8300000000003,0.23572116286347172
19.840000000000302,0.23571152457986444
19.850000000000303,0.23570200775543823
19.860000000000305,0.23569261240392997
19.870000000000307,0.23568333849182557
19.880000000000308,0.2356741860436078
19.89000000000031,0.23566515516050662
19.90000000000031,0.2356562465612772
19.910000000000313,0.23564745810206855
19.920000000000314,0.23563879132754223
19.930000000000316,0.2356302459636382
19.940000000000317,0.23562182193320275
19.95000000000032,0.23561351921446563
19.96000000000032,0.2356053378219857
19.970000000000322,0.23559727751495724
19.980000000000324,0.23558933842094792
19.990000000000325,0.23558152053770912
20.000000000000327,0.23557382393349624
