"Iteration","Total Kinetic Energy (integral of KE density) Monitor - Iteration: Total Kinetic Energy (integral of KE density) Monitor - Iteration (m^5/s^2)"
1.0,9.867196859889141
2.0,9.8675595699162
3.0,9.867922096222543
4.0,9.868214875818788
5.0,9.868419359999997
6.0,9.868499272020943
7.0,9.868549141750744
8.0,9.86857505992025
9.0,9.868599577471063
10.0,9.86862347463071
11.0,9.86864503717938
12.0,9.86865833950157
13.0,9.86866709332719
14.0,9.868686678953338
15.0,9.868705117873874
16.0,9.868716954576426
17.0,9.868725124248783
18.0,9.868720452854813
19.0,9.868739927311063
20.0,9.868739824574709
21.0,9.868753494233772
22.0,9.868753319791672
23.0,9.868761998325377
24.0,9.868471659746314
25.0,9.868944793678802
26.0,9.868782797380891
27.0,9.86866288393594
28.0,9.868496809846059
29.0,9.868341607082591
30.0,9.868246707500205
31.0,9.868174737523628
32.0,9.868118380205749
33.0,9.868075587527336
34.0,9.868046224466056
35.0,9.868025825436657
36.0,9.868011448683008
37.0,9.86800140927523
38.0,9.867994219967914
39.0,9.867988139232406
40.0,9.867982477100618
41.0,9.86798557724008
42.0,9.867237950141856
43.0,9.8668652270282
44.0,9.866892532038714
45.0,9.866975509901723
46.0,9.867044594223174
47.0,9.867091843018377
48.0,9.867114404891286
49.0,9.867127407421226
50.0,9.867138608128965
51.0,9.867145997642092
52.0,9.867148985633811
53.0,9.867151685562082
54.0,9.866478140688324
55.0,9.866341308909135
56.0,9.866315422392624
57.0,9.866312978997385
58.0,9.866314153111688
59.0,9.866315648844406
60.0,9.866317092409794
61.0,9.865627734017028
62.0,9.86551181632877
63.0,9.86549161788971
64.0,9.865488301478745
65.0,9.865487676994395
66.0,9.86548785917848
67.0,9.86548812980985
68.0,9.864896732611445
69.0,9.86471267258594
70.0,9.864672375775651
71.0,9.864665561690764
72.0,9.864665109758857
73.0,9.864665279648765
74.0,9.86466467100167
75.0,9.864051643819879
76.0,9.86388593911126
77.0,9.863848981082402
78.0,9.863841173836532
79.0,9.863838912071493
80.0,9.863837497670227
81.0,9.863836610501107
82.0,9.863176580471638
83.0,9.863042278323547
84.0,9.863012568930008
85.0,9.863005464086118
86.0,9.863003813942786
87.0,9.86300315597862
88.0,9.863002859041375
89.0,9.862340177013408
90.0,9.862201501396088
91.0,9.862166472652088
92.0,9.862160350689678
93.0,9.862160318358187
94.0,9.862161355401536
95.0,9.862162574784332
96.0,9.861516184219091
97.0,9.861366356106469
98.0,9.861334877001564
99.0,9.861327402280663
100.0,9.861324753520398
101.0,9.861323263289165
102.0,9.861322169128936
103.0,9.860673195588976
104.0,9.860519912736779
105.0,9.860491012138283
106.0,9.860483688013261
107.0,9.860480955762409
108.0,9.860479517676145
109.0,9.860478692772924
110.0,9.859820820243247
111.0,9.859668637389753
112.0,9.859636284323766
113.0,9.859629324994792
114.0,9.859628120593102
115.0,9.859628099936575
116.0,9.859628188711866
117.0,9.85896459586487
118.0,9.858811915000821
119.0,9.858780746838022
120.0,9.858775297270284
121.0,9.858774118854285
122.0,9.858773739607567
123.0,9.858773531958215
124.0,9.858105259664367
125.0,9.857955134914395
126.0,9.857923909833186
127.0,9.85791804376974
128.0,9.857916241473093
129.0,9.857915498885992
130.0,9.857915050694825
131.0,9.857238324282372
132.0,9.857092107506041
133.0,9.85706019023582
134.0,9.857054088441688
135.0,9.857052586232449
136.0,9.857052076018622
137.0,9.857051811931768
138.0,9.85636899685876
139.0,9.856222860328394
140.0,9.856192367842478
141.0,9.856185844131979
142.0,9.856184265204504
143.0,9.856183772185233
144.0,9.85618360625184
145.0,9.855494881823706
146.0,9.855349536000418
147.0,9.855318779158566
148.0,9.85531224777785
149.0,9.85531079262525
150.0,9.855310458125928
151.0,9.85531041314357
152.0,9.854615505644198
153.0,9.85447092048688
154.0,9.854439889491143
155.0,9.854433421268698
156.0,9.854432233689874
157.0,9.854432084935901
158.0,9.854432159343805
159.0,9.853732202776374
160.0,9.85358818184254
161.0,9.853556612472108
162.0,9.85354979727543
163.0,9.85354870843792
164.0,9.853548757911309
165.0,9.85354894725218
166.0,9.852846588340515
167.0,9.85270229774689
168.0,9.852670985259097
169.0,9.852664054736536
170.0,9.85266274638808
171.0,9.852662641262024
172.0,9.852662652099243
173.0,9.8519563910931
174.0,9.851812820630407
175.0,9.851782006501768
176.0,9.851774881804653
177.0,9.851773319408066
178.0,9.851773056721775
179.0,9.851772990027111
180.0,9.851061824295876
181.0,9.850918071939407
182.0,9.850887601334742
183.0,9.850880698116473
184.0,9.85087931951705
185.0,9.850879148650332
186.0,9.850879172066463
187.0,9.850164337015968
188.0,9.85002019668091
189.0,9.849989957011033
190.0,9.84998304790713
191.0,9.849981553543632
192.0,9.849981294363623
193.0,9.849981247373824
194.0,9.84926326364128
195.0,9.849118468632716
196.0,9.849088123739882
197.0,9.84908117469384
198.0,9.849079733065615
199.0,9.849079460106662
200.0,9.849079375195924
201.0,9.848358840749288
202.0,9.848212843683445
203.0,9.848183455134619
204.0,9.84817653475293
205.0,9.848174780629533
206.0,9.84817422967727
207.0,9.848173957111097
208.0,9.847452514725823
209.0,9.847303300835916
210.0,9.847273052260892
211.0,9.847266528208593
212.0,9.847265184492768
213.0,9.847264913286688
214.0,9.847264779152335
215.0,9.84654058836928
216.0,9.846391862102811
217.0,9.846360830930195
218.0,9.846353625970936
219.0,9.846351998953335
220.0,9.846351652378289
221.0,9.846351527283495
222.0,9.845625028398699
223.0,9.845474882059484
224.0,9.845443287758282
225.0,9.84543617650858
226.0,9.845434563537767
227.0,9.845434132293066
228.0,9.845433995556977
229.0,9.844704166033937
230.0,9.844553070457408
231.0,9.844522218957174
232.0,9.844515303615339
233.0,9.844513669854667
234.0,9.844513224516916
235.0,9.844513040980635
236.0,9.843779169255987
237.0,9.843628049265387
238.0,9.843596849506516
239.0,9.843590072275987
240.0,9.843588686312103
241.0,9.84358843676604
242.0,9.843588416376022
243.0,9.842853316389851
244.0,9.842700269643545
245.0,9.842668409133518
246.0,9.842661659542516
247.0,9.842660403164796
248.0,9.842660226412494
249.0,9.842660197008998
250.0,9.841923668154466
251.0,9.841769084034267
252.0,9.841736931843311
253.0,9.841730035467467
254.0,9.841728570307753
255.0,9.841728317247153
256.0,9.841728376380507
257.0,9.840989560234139
258.0,9.840834095086386
259.0,9.84080182084718
260.0,9.840794943345408
261.0,9.84079352507819
262.0,9.840793244345694
263.0,9.840793230363676
264.0,9.84005188802951
265.0,9.839895855550882
266.0,9.83986339270593
267.0,9.83985658423249
268.0,9.839855236923956
269.0,9.839854980906521
270.0,9.83985496499801
271.0,9.83911131058264
272.0,9.838954688620946
273.0,9.838922178404673
274.0,9.838915326191017
275.0,9.838913985216756
276.0,9.838913763445902
277.0,9.838913769411372
278.0,9.838167938213218
279.0,9.838011310694133
280.0,9.837978101511295
281.0,9.837971045558785
282.0,9.837969654265285
283.0,9.837969442584328
284.0,9.837969476400216
285.0,9.83722296303733
286.0,9.837064069825988
287.0,9.837030005171163
288.0,9.837023145189939
289.0,9.837021924037975
290.0,9.837021823837858
291.0,9.837021921781838
292.0,9.83627316942443
293.0,9.836113138539726
294.0,9.8360787623891
295.0,9.836072684404888
296.0,9.836071631107503
297.0,9.836071443515959
298.0,9.836071392712855
299.0,9.835320745215288
300.0,9.835159193371407
301.0,9.835126532857785
302.0,9.83511986639995
303.0,9.835118629449706
304.0,9.835118341425273
305.0,9.835118243467608
306.0,9.83436631956166
307.0,9.834205043782731
308.0,9.834170621490632
309.0,9.834163604510486
310.0,9.83416236475788
311.0,9.834162206611413
312.0,9.83416228281974
313.0,9.833407353520101
314.0,9.833245332747566
315.0,9.833211902272593
316.0,9.833205288853966
317.0,9.833204120751033
318.0,9.833203918427353
319.0,9.833203838229402
320.0,9.832446190455322
321.0,9.83228413741898
322.0,9.832250876768718
323.0,9.832244355521937
324.0,9.832243129380856
325.0,9.832242873363779
326.0,9.832242775533667
327.0,9.831483047477876
328.0,9.83132059518109
329.0,9.831287125878188
330.0,9.831280515005732
331.0,9.831279236740773
332.0,9.831279003811778
333.0,9.831278925978696
334.0,9.830517301130303
335.0,9.830354412263294
336.0,9.830320654792459
337.0,9.830313964577002
338.0,9.830312697276847
339.0,9.830312479360744
340.0,9.8303124151652
341.0,9.829548772414036
342.0,9.829385458241887
343.0,9.829351444444981
344.0,9.829344731504474
345.0,9.829343511040292
346.0,9.829343313144543
347.0,9.82934324863412
348.0,9.828577594996442
349.0,9.828414414165795
350.0,9.828379719477404
351.0,9.828372942269613
352.0,9.828371748074566
353.0,9.828371604366428
354.0,9.828371583350178
355.0,9.827603868871893
356.0,9.82743977999112
357.0,9.827405611867945
358.0,9.827398856504571
359.0,9.827397582403336
360.0,9.827397388215154
361.0,9.827397373642576
362.0,9.826627538763226
363.0,9.826463116548606
364.0,9.826428946842793
365.0,9.826422191705483
366.0,9.826420944030861
367.0,9.826420773304005
368.0,9.826420749544017
369.0,9.825648845341755
370.0,9.825483955319594
371.0,9.82545005451772
372.0,9.825443135608495
373.0,9.825442051061323
374.0,9.825441849751083
375.0,9.825441874878793
376.0,9.824668208813666
377.0,9.824503312194942
378.0,9.824468996112422
379.0,9.824462159766984
380.0,9.824460905422722
381.0,9.82446077363415
382.0,9.824460785442861
383.0,9.823685461522757
384.0,9.823520163144726
385.0,9.823485790281719
386.0,9.823478879463075
387.0,9.823477600168287
388.0,9.823477450753419
389.0,9.823477494391756
390.0,9.822700544309267
391.0,9.822535197427317
392.0,9.822500458717263
393.0,9.8224935218868
394.0,9.822492203635756
395.0,9.822492019414447
396.0,9.822492048373668
397.0,9.821713609608482
398.0,9.82154770635496
399.0,9.821512797677139
400.0,9.821505847418987
401.0,9.821504582623765
402.0,9.82150444401255
403.0,9.821504517116855
404.0,9.820724446144993
405.0,9.820558165387734
406.0,9.820523172694188
407.0,9.820516191282374
408.0,9.820514962262534
409.0,9.820514854097864
410.0,9.820514948617301
411.0,9.819733494401007
412.0,9.81956682778612
413.0,9.819531651988724
414.0,9.81952459385083
415.0,9.819523351319294
416.0,9.819523255332307
417.0,9.819523364939508
418.0,9.818740605727196
419.0,9.818573485176962
420.0,9.81853819657235
421.0,9.818531075580367
422.0,9.818529821636801
423.0,9.818529734134305
424.0,9.818529848937654
425.0,9.817745786637591
426.0,9.817578197066357
427.0,9.817542782078702
428.0,9.817535644166165
429.0,9.81753437816086
430.0,9.817534307172114
431.0,9.817534443573305
432.0,9.816749081298134
433.0,9.8165813425296
434.0,9.816545720119208
435.0,9.816538451978165
436.0,9.81653715146551
437.0,9.816537079196397
438.0,9.816537237705344
439.0,9.815750635319601
440.0,9.815582321087025
441.0,9.815546710077696
442.0,9.815539401424285
443.0,9.815538121477676
444.0,9.81553805769969
445.0,9.815538230648459
446.0,9.81475048403227
447.0,9.814581938357449
448.0,9.814546237576225
449.0,9.814538804901236
450.0,9.814537456524466
451.0,9.814537359134528
452.0,9.814537516450413
453.0,9.813748643911271
454.0,9.81357967095191
455.0,9.813543962874704
456.0,9.81353654288959
457.0,9.813535152371227
458.0,9.813535039382682
459.0,9.81353518023918
460.0,9.812745173244918
461.0,9.812575816486012
462.0,9.81254010121798
463.0,9.812532705542658
464.0,9.812531275345284
465.0,9.812531144263865
466.0,9.812531275194697
467.0,9.811740096238152
468.0,9.811570422279189
469.0,9.811534742532471
470.0,9.811527362839499
471.0,9.811525893867138
472.0,9.811525732400229
473.0,9.81152584137536
474.0,9.810733466320126
475.0,9.81056352466825
476.0,9.810527932123202
477.0,9.810520583519375
478.0,9.810519064926222
479.0,9.810518855087771
480.0,9.810518926638753
481.0,9.809725315125716
482.0,9.80955517367151
483.0,9.809519681197315
484.0,9.809512332504774
485.0,9.809510823247608
486.0,9.80951056891448
487.0,9.809510600048485
488.0,9.808715662741939
489.0,9.808545427591195
490.0,9.808509990201852
491.0,9.808502700028619
492.0,9.808501224840011
493.0,9.808500960779705
494.0,9.808500977445867
495.0,9.80770455734527
496.0,9.80753442519314
497.0,9.807499009481955
498.0,9.8074917600031
499.0,9.807490295368753
500.0,9.807490067756412
501.0,9.807490095080649
502.0,9.806692163853977
503.0,9.806521854390247
504.0,9.806486484069136
505.0,9.806479241446475
506.0,9.806477816620276
507.0,9.806477619905115
508.0,9.806477370961732
509.0,9.8056775617676
510.0,9.805507525420815
511.0,9.805472104281677
512.0,9.805464941694263
513.0,9.805463561554259
514.0,9.805463405659204
515.0,9.80546349247575
516.0,9.804663834544506
517.0,9.804493194777073
518.0,9.80445704502413
519.0,9.804449713133858
520.0,9.804448375655802
521.0,9.80444797271257
522.0,9.80444816431292
523.0,9.803647770339865
524.0,9.803476735679372
525.0,9.803440615383435
526.0,9.803433317854275
527.0,9.803431945377504
528.0,9.803431821218133
529.0,9.803431947202053
530.0,9.802630553034916
531.0,9.802459344107552
532.0,9.802422914453041
533.0,9.80241555891321
534.0,9.802414189352016
535.0,9.80241388517031
536.0,9.802414128193108
537.0,9.801611987402701
538.0,9.801440088909866
539.0,9.801403872753934
540.0,9.801396641616737
541.0,9.801395286815636
542.0,9.801395153415319
543.0,9.801395054880981
544.0,9.800592188036692
545.0,9.800420028708999
546.0,9.800383563806404
547.0,9.800376239554039
548.0,9.800374884714419
549.0,9.800374506465957
550.0,9.800374978283859
551.0,9.799571481504376
552.0,9.799399045703577
553.0,9.799362297454632
554.0,9.799354886495284
555.0,9.799353552364895
556.0,9.799353364659384
557.0,9.799353603216588
558.0,9.798549468985923
559.0,9.798376658336663
560.0,9.798339969358423
561.0,9.798332654632219
562.0,9.798331323519907
563.0,9.79833121482462
564.0,9.798331183281487
565.0,9.797526410914191
566.0,9.797353256901737
567.0,9.797316376839296
568.0,9.797309036850764
569.0,9.797307714762944
570.0,9.797307434089635
571.0,9.797307651215679
572.0,9.796502260718103
573.0,9.796328717955024
574.0,9.796291781713068
575.0,9.79628444249819
576.0,9.796283128227955
577.0,9.796282851638153
578.0,9.796283063195435
579.0,9.795477088392943
580.0,9.795303224091217
581.0,9.795266195832102
582.0,9.795258850823892
583.0,9.795257540671459
584.0,9.795257271052645
585.0,9.795257473717369
586.0,9.794450929978574
587.0,9.794276776669607
588.0,9.794239645233844
589.0,9.794232308889809
590.0,9.79423067161059
591.0,9.794230944507818
592.0,9.794230942261382
593.0,9.793423813712106
594.0,9.793249459602045
595.0,9.793212450316187
596.0,9.793205089715094
597.0,9.793203381366546
598.0,9.793203339052583
599.0,9.79320357073037
600.0,9.792395620204731
601.0,9.792221157058414
602.0,9.79218391318999
603.0,9.792176620224032
604.0,9.792175017849711
605.0,9.792175201097328
606.0,9.792175250548244
607.0,9.791366708423055
608.0,9.791191981565635
609.0,9.791154748629252
610.0,9.791147317822983
611.0,9.791145851878145
612.0,9.791145873450223
613.0,9.791146122715105
614.0,9.790337043367314
615.0,9.790162031517163
616.0,9.790124801524492
617.0,9.790117628981356
618.0,9.790115936250656
619.0,9.790115897428228
620.0,9.790116122232742
621.0,9.789306326272175
622.0,9.7891312488737
623.0,9.789093951538547
624.0,9.789086525994897
625.0,9.789084991265716
626.0,9.789085003976886
627.0,9.7890852544456
628.0,9.788274896240015
629.0,9.78809950356803
630.0,9.78806213564832
631.0,9.788054735621358
632.0,9.788053081941065
633.0,9.788053014762513
634.0,9.788053290368785
635.0,9.787242186762686
636.0,9.787066603081708
637.0,9.787029217913783
638.0,9.787021729393148
639.0,9.787020186845623
640.0,9.787020204273762
641.0,9.787020493192305
642.0,9.786208727971303
643.0,9.78603308411972
644.0,9.785995573617729
645.0,9.785988007843665
646.0,9.785986743598585
647.0,9.7859867472041
648.0,9.785986969617234
649.0,9.785174605330313
650.0,9.784998818502503
651.0,9.78496137397449
652.0,9.784953773506443
653.0,9.784952638121835
654.0,9.784952472000674
655.0,9.784952676422344
656.0,9.784139769650185
657.0,9.783963808342897
658.0,9.783926324940623
659.0,9.783918706343055
660.0,9.7839173967238
661.0,9.78391737947436
662.0,9.78391757827849
663.0,9.783104064848423
664.0,9.782927952915296
665.0,9.782890475449667
666.0,9.782882864851311
667.0,9.782881557543872
668.0,9.782881531780879
669.0,9.782881708329247
670.0,9.782067559873836
671.0,9.781891360926952
672.0,9.781853884686806
673.0,9.781846295061216
674.0,9.781844996666049
675.0,9.781844964347068
676.0,9.781845115011649
677.0,9.781030345019778
678.0,9.780854090679703
679.0,9.78081663280374
680.0,9.78080904774113
681.0,9.780807748767941
682.0,9.780807697808722
683.0,9.780807824855275
684.0,9.779992456674663
685.0,9.77981614708303
686.0,9.779778714272885
687.0,9.779771125294427
688.0,9.779769823004951
689.0,9.779769752074074
690.0,9.779769856840028
691.0,9.778953913954606
692.0,9.778777538413632
693.0,9.77874001004746
694.0,9.778732652058249
695.0,9.77873125596564
696.0,9.778731081752202
697.0,9.778731261791412
698.0,9.777914782327183
699.0,9.777738383030165
700.0,9.777701171227687
701.0,9.777693682655281
702.0,9.777692348325148
703.0,9.777692174024207
704.0,9.777692241670035
705.0,9.77687514270644
706.0,9.776699465167912
707.0,9.7766621256937
708.0,9.77665459307169
709.0,9.776653152418135
710.0,9.776652877403489
711.0,9.776652861312769
712.0,9.775835028208013
713.0,9.775658700608803
714.0,9.775621476226952
715.0,9.775613994035
716.0,9.775612679796145
717.0,9.775612524669157
718.0,9.775612612551921
719.0,9.774794129132745
720.0,9.774617879605994
721.0,9.77458059594318
722.0,9.774573130956203
723.0,9.774571796385304
724.0,9.77457162944436
725.0,9.774571711501471
726.0,9.773752792775623
727.0,9.773576105307717
728.0,9.773538696151894
729.0,9.773531295612202
730.0,9.77353004833444
731.0,9.773529945304972
732.0,9.773530079991932
733.0,9.772710701710185
734.0,9.772533988477038
735.0,9.772496260046523
736.0,9.772488760699659
737.0,9.772487562820361
738.0,9.772487528820061
739.0,9.772487766547105
740.0,9.771667959902747
741.0,9.771491266741675
742.0,9.771454021703647
743.0,9.771446559172293
744.0,9.771445185889695
745.0,9.771445010042067
746.0,9.771445079494049
747.0,9.770624769933011
748.0,9.770448256866104
749.0,9.770410984845721
750.0,9.770403503716935
751.0,9.77040210535517
752.0,9.77040191315739
753.0,9.77040196110352
754.0,9.76958092086429
755.0,9.769404446918992
756.0,9.769367259163069
757.0,9.769359818955774
758.0,9.769358442066792
759.0,9.769358265693622
760.0,9.769358320659972
761.0,9.768536653117616
762.0,9.76836022577141
763.0,9.768323146672829
764.0,9.768315705216997
765.0,9.768314314671397
766.0,9.768314136934382
767.0,9.768314188898358
768.0,9.767491977257771
769.0,9.767315686719613
770.0,9.76727867585315
771.0,9.76727121046263
772.0,9.76726978284626
773.0,9.76726958970903
774.0,9.767269625505595
775.0,9.766446880857007
776.0,9.766270732008739
777.0,9.766233773932381
778.0,9.766226290318786
779.0,9.766224842853212
780.0,9.766224631486065
781.0,9.766224654683997
782.0,9.765401396470274
783.0,9.76522533724527
784.0,9.765188460667451
785.0,9.765180964668938
786.0,9.765179505310112
787.0,9.765179276531518
788.0,9.76517929159455
789.0,9.764355565245964
790.0,9.764179531214307
791.0,9.764142759118148
792.0,9.764135262124768
793.0,9.76413376497799
794.0,9.764133513710524
795.0,9.764133517368323
796.0,9.763309407871041
797.0,9.763133391300569
798.0,9.76309670445175
799.0,9.763089175354718
800.0,9.763087661171522
801.0,9.763087390745282
802.0,9.763087382158211
803.0,9.762262895873235
804.0,9.762086893099893
805.0,9.762050277455515
806.0,9.762042729828707
807.0,9.762041210270839
808.0,9.762040928922087
809.0,9.762040908742613
810.0,9.761216066106208
811.0,9.761040065334146
812.0,9.761003537509717
813.0,9.760995976165649
814.0,9.760994437843216
815.0,9.760994144551761
816.0,9.760994113228541
817.0,9.760168969358263
818.0,9.7599929422986
819.0,9.759956502524709
820.0,9.759948921232937
821.0,9.759947358202847
822.0,9.75994705522864
823.0,9.759947012935484
824.0,9.759121603086674
825.0,9.758945532882588
826.0,9.758909191057494
827.0,9.758901585864669
828.0,9.758900001836837
829.0,9.758899683982158
830.0,9.758899627659057
831.0,9.758073960790314
832.0,9.757897860100714
833.0,9.757861602518078
834.0,9.757853986945843
835.0,9.757852383069945
836.0,9.75785204628707
837.0,9.757851974919113
838.0,9.757026080949021
839.0,9.756849943907103
840.0,9.756813757511466
841.0,9.75680613585572
842.0,9.756804511514114
843.0,9.7568041565271
844.0,9.756804067363754
845.0,9.755977950247738
846.0,9.755801786387748
847.0,9.755765658947155
848.0,9.755758031151228
849.0,9.755756395468937
850.0,9.755756025000554
851.0,9.755755916983922
852.0,9.754929623008167
853.0,9.754753397949884
854.0,9.754717312456
855.0,9.7547096599566
856.0,9.754708045423108
857.0,9.754707663261016
858.0,9.754707539465057
859.0,9.753881059034718
860.0,9.753704812018924
861.0,9.753668697629376
862.0,9.75366103936377
863.0,9.75365943999374
864.0,9.753659041262406
865.0,9.75365892954501
866.0,9.752832241960139
867.0,9.752656011950398
868.0,9.752619823141778
869.0,9.752612191129419
870.0,9.752610571201807
871.0,9.752610170647715
872.0,9.75261005514509
873.0,9.751783139242074
874.0,9.751606951935752
875.0,9.751570679111143
876.0,9.751563080376211
877.0,9.751561444044105
878.0,9.751561039157732
879.0,9.751560916350103
880.0,9.75073378287355
881.0,9.750557645653167
882.0,9.750521269954245
883.0,9.75051370276409
884.0,9.750512053607572
885.0,9.750511643495438
886.0,9.750511513275061
887.0,9.749684177791071
888.0,9.749508084023038
889.0,9.749471608734847
890.0,9.74946406802319
891.0,9.749462407160694
892.0,9.749461990338062
893.0,9.749461855269406
894.0,9.748634331951196
895.0,9.748458276370867
896.0,9.748421703537039
897.0,9.748414175037864
898.0,9.748412515223663
899.0,9.748412094382822
900.0,9.74841195511226
901.0,9.747584247461957
902.0,9.747408236168614
903.0,9.747371570433277
904.0,9.747364036978222
905.0,9.747362393943636
906.0,9.747361969800465
907.0,9.747361827139098
908.0,9.746533939817759
909.0,9.746357975358617
910.0,9.746321224509824
911.0,9.746313681465843
912.0,9.746312048857904
913.0,9.746311632032699
914.0,9.746311487407782
915.0,9.745483442633937
916.0,9.74530751117936
917.0,9.745270679656697
918.0,9.7452631215234
919.0,9.745261498180168
920.0,9.745261095718018
921.0,9.745260951468001
922.0,9.744432779601695
923.0,9.744256863059995
924.0,9.744219949898742
925.0,9.744212368644227
926.0,9.744210760211026
927.0,9.74421036786029
928.0,9.744210234459459
929.0,9.743381960024665
930.0,9.74320603602397
931.0,9.743169051543559
932.0,9.743161433570126
933.0,9.743159842174821
934.0,9.74315946963484
935.0,9.743159347388637
936.0,9.742330982086315
937.0,9.742155024002004
938.0,9.742117994575496
939.0,9.742110318609699
940.0,9.7421087342642
941.0,9.742108400189935
942.0,9.742108298106734
943.0,9.74127981673117
944.0,9.741103864232851
945.0,9.741066795916483
946.0,9.741059037007078
947.0,9.741057429689103
948.0,9.741057143507172
949.0,9.741057087587812
950.0,9.740228458077299
951.0,9.740052560912037
952.0,9.740015483115801
953.0,9.74000764448993
954.0,9.74000606752724
955.0,9.740005783594157
956.0,9.74000573602735
957.0,9.739177000825045
958.0,9.739001077315367
959.0,9.738963950358134
960.0,9.7389561385306
961.0,9.738954556579479
962.0,9.738954261959758
963.0,9.738954225778604
964.0,9.738125400771937
965.0,9.73794943714814
966.0,9.737912275178264
967.0,9.737904481665861
968.0,9.73790288999231
969.0,9.73790259516559
970.0,9.737902560966841
971.0,9.737073755547865
972.0,9.73689773540626
973.0,9.736860565627797
974.0,9.736852741929164
975.0,9.736851127652116
976.0,9.736850817401233
977.0,9.736850767646066
978.0,9.736021924884392
979.0,9.73584590412914
980.0,9.735808769001746
981.0,9.735800928386753
982.0,9.735799285851094
983.0,9.735798945960058
984.0,9.735798877136032
985.0,9.734969942977202
986.0,9.734793975295846
987.0,9.734756873916885
988.0,9.734749026809133
989.0,9.734747363998657
990.0,9.734747008467854
991.0,9.734746928965325
992.0,9.733917899154951
993.0,9.733742000459129
994.0,9.733704932176163
995.0,9.733697087704897
996.0,9.733695412952681
997.0,9.733695044774919
998.0,9.733694953748259
999.0,9.73286584033201
1000.0,9.732690028336865
1001.0,9.73265300134908
1002.0,9.732645157063441
1003.0,9.73264346809231
1004.0,9.732643081184392
1005.0,9.732642974335853
1006.0,9.731813770192066
1007.0,9.731638065700462
1008.0,9.731601085823426
1009.0,9.731593245231917
1010.0,9.731591544963644
1011.0,9.731591142508286
1012.0,9.731591021450836
1013.0,9.730761735817616
1014.0,9.730586130201774
1015.0,9.730549216672898
1016.0,9.730541388909794
1017.0,9.730539678778879
1018.0,9.730539259245313
1019.0,9.730539121559099
1020.0,9.729709667640224
1021.0,9.729534223091093
1022.0,9.729497413863834
1023.0,9.729489611944189
1024.0,9.729487894411935
1025.0,9.729487456320669
1026.0,9.729487299138134
1027.0,9.728657554525062
1028.0,9.728482371324905
1029.0,9.728445697819602
1030.0,9.728437935866662
1031.0,9.728436209491328
1032.0,9.728435747483072
1033.0,9.72843556658208
1034.0,9.72760565719124
1035.0,9.727430645296499
1036.0,9.72739405274287
1037.0,9.727386311122146
1038.0,9.727384568940634
1039.0,9.72738409473496
1040.0,9.727383905972802
1041.0,9.726553926501218
1042.0,9.726379001236154
1043.0,9.72634248642239
1044.0,9.726334759814499
1045.0,9.726333007787082
1046.0,9.72633252247435
1047.0,9.72633232471772
1048.0,9.725502277393797
1049.0,9.725327436925728
1050.0,9.725291002934686
1051.0,9.725283267328074
1052.0,9.725281499973303
1053.0,9.725281010380051
1054.0,9.725280813254683
1055.0,9.724450726984532
1056.0,9.724275952167535
1057.0,9.724239552788802
1058.0,9.724231807378967
1059.0,9.724230032294718
1060.0,9.724229540976513
1061.0,9.724229343030181
1062.0,9.723399238423912
1063.0,9.72322447368441
1064.0,9.723188113142047
1065.0,9.72318038109345
1066.0,9.723178607560104
1067.0,9.723178113613729
1068.0,9.72317791124028
1069.0,9.722347772813393
1070.0,9.722173061667784
1071.0,9.722136715874921
1072.0,9.72212897590854
1073.0,9.722127201929302
1074.0,9.722126708312192
1075.0,9.722126506820278
1076.0,9.721296310722902
1077.0,9.721121684661647
1078.0,9.721085331582962
1079.0,9.72107757990215
1080.0,9.721075811650143
1081.0,9.72107532341387
1082.0,9.721075126260743
1083.0,9.720244876943037
1084.0,9.720070316069918
1085.0,9.720033953700012
1086.0,9.720026210600434
1087.0,9.720024447749017
1088.0,9.720023965698037
1089.0,9.720023772562545
1090.0,9.719193478285291
1091.0,9.719018980747194
1092.0,9.71898261600938
1093.0,9.718974878603278
1094.0,9.718973121204556
1095.0,9.718972643642811
1096.0,9.718972452963746
1097.0,9.71814212123912
1098.0,9.717967693569356
1099.0,9.71793132829856
1100.0,9.717923590574713
1101.0,9.717921837376899
1102.0,9.717921363109571
1103.0,9.7179211745305
1104.0,9.717090819806497
1105.0,9.716916354919999
1106.0,9.716879959513523
1107.0,9.716872236481532
1108.0,9.716870511537762
1109.0,9.71687006205946
1110.0,9.716869891569193
1111.0,9.716039484060385
1112.0,9.715865167871073
1113.0,9.715828784474288
1114.0,9.71582105402584
1115.0,9.715819314734219
1116.0,9.715818851055694
1117.0,9.715818668451206
1118.0,9.714988279104308
1119.0,9.714814025383994
1120.0,9.714777640678586
1121.0,9.714769903201784
1122.0,9.714768161322365
1123.0,9.714767695253517
1124.0,9.714767510684407
1125.0,9.713937112030678
1126.0,9.713762909709889
1127.0,9.713726533613855
1128.0,9.713718797225516
1129.0,9.713717058759485
1130.0,9.713716595546321
1131.0,9.713716411783997
1132.0,9.712885998095452
1133.0,9.712711852605043
1134.0,9.712675497318141
1135.0,9.712667759148813
1136.0,9.712666021130163
1137.0,9.712665560669087
1138.0,9.712665378302551
1139.0,9.711834974167994
1140.0,9.711660864866696
1141.0,9.711624518161088
1142.0,9.711616770309153
1143.0,9.711615037136198
1144.0,9.71161458332543
1145.0,9.71161440277351
1146.0,9.710784031899895
1147.0,9.710609948016504
1148.0,9.710573592887581
1149.0,9.71056581558991
1150.0,9.710564098855581
1151.0,9.710563653379054
1152.0,9.710563478831277
1153.0,9.70973312475476
1154.0,9.70955907237542
1155.0,9.709522720272261
1156.0,9.709514922745813
1157.0,9.70951322180777
1158.0,9.70951277881452
1159.0,9.709512609648572
1160.0,9.708682290406983
1161.0,9.708508265249694
1162.0,9.708471892855936
1163.0,9.708464104379473
1164.0,9.708462403123235
1165.0,9.708461961862005
1166.0,9.708461796068836
1167.0,9.70763153003972
1168.0,9.707457518473557
1169.0,9.707421119554564
1170.0,9.70741334531849
1171.0,9.70741164355391
1172.0,9.707411202927622
1173.0,9.707411038437288
1174.0,9.70658084032446
1175.0,9.706406833147984
1176.0,9.706370404964181
1177.0,9.706362640713241
1178.0,9.706360940060257
1179.0,9.706360503626197
1180.0,9.706360341918062
1181.0,9.705530227749904
1182.0,9.705356207345332
1183.0,9.705319758811108
1184.0,9.70531200390409
1185.0,9.705310305767977
1186.0,9.705309871760607
1187.0,9.705309711098263
1188.0,9.704479710207433
1189.0,9.704305646841345
1190.0,9.704269178831709
1191.0,9.704261435207366
1192.0,9.704259740556692
1193.0,9.704259309966137
1194.0,9.70425915101999
1195.0,9.70342926513166
1196.0,9.703255138946986
1197.0,9.7032186489858
1198.0,9.703210929989579
1199.0,9.703209239725949
1200.0,9.703208813617351
1201.0,9.703208657664574
1202.0,9.702378850587612
1203.0,9.702204719931611
1204.0,9.702168216103262
1205.0,9.702160504390372
1206.0,9.70215882038028
1207.0,9.702158399323157
1208.0,9.702158245790491
1209.0,9.701328522265081
1210.0,9.701154389966465
1211.0,9.701117876219985
1212.0,9.701110171179431
1213.0,9.701108494528162
1214.0,9.701108078875432
1215.0,9.701107927524234
1216.0,9.700278304173622
1217.0,9.70010415092166
1218.0,9.700067622737627
1219.0,9.700059928847217
1220.0,9.700058257924782
1221.0,9.700057846646697
1222.0,9.700057699151852
1223.0,9.699228176191713
1224.0,9.699054008598205
1225.0,9.699017453667473
1226.0,9.699009759837015
1227.0,9.699008094810534
1228.0,9.69900768966042
1229.0,9.699007547728026
1230.0,9.698178105579885
1231.0,9.698003909975526
1232.0,9.697967346158913
1233.0,9.697959656785981
1234.0,9.697958001873907
1235.0,9.697957604683058
1236.0,9.697957467718526
1237.0,9.697128132938289
1238.0,9.696953899928388
1239.0,9.696917360129902
1240.0,9.696909658409604
1241.0,9.696907998358537
1242.0,9.696907600273999
1243.0,9.696907465932846
1244.0,9.696078217656988
1245.0,9.695903975741881
1246.0,9.695867449507212
1247.0,9.695859734328007
1248.0,9.69585807196599
1249.0,9.695857675539415
1250.0,9.695857542750588
1251.0,9.695028386144397
1252.0,9.694854129535358
1253.0,9.69481760492529
1254.0,9.694809882093793
1255.0,9.69480822109347
1256.0,9.694807829973016
1257.0,9.694807700738298
1258.0,9.693978631418194
1259.0,9.69380436674748
1260.0,9.693767845745047
1261.0,9.693760119228402
1262.0,9.693758458438278
1263.0,9.693758070414054
1264.0,9.693757944026892
1265.0,9.692928970715162
1266.0,9.692754693217427
1267.0,9.692718179661327
1268.0,9.692710449679986
1269.0,9.69270878603118
1270.0,9.69270840022283
1271.0,9.692708276375798
1272.0,9.691879430920833
1273.0,9.691705118449658
1274.0,9.691668615917248
1275.0,9.691660882735281
1276.0,9.691659208409222
1277.0,9.691658819355602
1278.0,9.69165869751717
1279.0,9.690829980905697
1280.0,9.690655634886273
1281.0,9.690619136132351
1282.0,9.690611402296671
1283.0,9.690609719662696
1284.0,9.690609324451039
1285.0,9.690609203299474
1286.0,9.689780592159805
1287.0,9.689606231834018
1288.0,9.689569724060448
1289.0,9.689561996645896
1290.0,9.689560315246574
1291.0,9.689559915327838
1292.0,9.689559793166666
1293.0,9.688731316555405
1294.0,9.68855692264818
1295.0,9.688520398802947
1296.0,9.688512673038911
1297.0,9.688510993027084
1298.0,9.688510594205157
1299.0,9.688510473090137
1300.0,9.687682162191745
1301.0,9.687507713709891
1302.0,9.687471168651765
1303.0,9.68746344421108
1304.0,9.687461766856552
1305.0,9.687461369653018
1306.0,9.687461250058288
1307.0,9.686633087499782
1308.0,9.686458604371579
1309.0,9.686422037324348
1310.0,9.686414316616643
1311.0,9.686412642078759
1312.0,9.686412246424261
1313.0,9.686412127773934
1314.0,9.685584096784872
1315.0,9.685409586064099
1316.0,9.685373001100311
1317.0,9.685365286138538
1318.0,9.685363617305322
1319.0,9.685363225001133
1320.0,9.68536310867613
1321.0,9.684535200688986
1322.0,9.68436065762964
1323.0,9.684324067864901
1324.0,9.684316361742756
1325.0,9.684314699523172
1326.0,9.684314310570919
1327.0,9.684314196807458
1328.0,9.68348640495245
1329.0,9.68331183739113
1330.0,9.6832752468485
1331.0,9.68326754964174
1332.0,9.683265893767878
1333.0,9.683265508627109
1334.0,9.683265396576054
1335.0,9.682437716140495
1336.0,9.68226313371874
1337.0,9.682226543833643
1338.0,9.682218853063734
1339.0,9.682217204600153
1340.0,9.68221682197621
1341.0,9.68221671159522
1342.0,9.681389140053748
1343.0,9.681214551742631
1344.0,9.681177962862616
1345.0,9.681170272264948
1346.0,9.681168631206289
1347.0,9.681168251541962
1348.0,9.681168142822848
1349.0,9.680340674637312
1350.0,9.680166091640405
1351.0,9.680129506382158
1352.0,9.680121815694328
1353.0,9.680120173409215
1354.0,9.680119798280028
1355.0,9.680119693855518
1356.0,9.67929232735247
1357.0,9.679117751965396
1358.0,9.679081179270472
1359.0,9.679073484649342
1360.0,9.67907184516882
1361.0,9.679071470551571
1362.0,9.679071371048066
1363.0,9.678244132769349
1364.0,9.678069557092979
1365.0,9.678032980462843
1366.0,9.678025288947428
1367.0,9.678023647272866
1368.0,9.67802327720251
1369.0,9.678023178806525
1370.0,9.677196055603979
1371.0,9.677021501987323
1372.0,9.676984914455572
1373.0,9.67697722438206
1374.0,9.676975586199227
1375.0,9.676975217556205
1376.0,9.67697512094015
1377.0,9.676148104405556
1378.0,9.675973581827982
1379.0,9.675936982803787
1380.0,9.67592929948476
1381.0,9.67592766208431
1382.0,9.675927296479472
1383.0,9.675927201508472
1384.0,9.67510026940791
1385.0,9.674925794385851
1386.0,9.674889194442374
1387.0,9.674881515472478
1388.0,9.674879879634934
1389.0,9.674879515779054
1390.0,9.674879421792996
1391.0,9.674052578142161
1392.0,9.67387814910948
1393.0,9.67384155261711
1394.0,9.673833874690864
1395.0,9.67383223998334
1396.0,9.67383187757917
1397.0,9.67383178474234
1398.0,9.673005024778153
1399.0,9.672830644915798
1400.0,9.672794054083433
1401.0,9.672786376829247
1402.0,9.672784744873834
1403.0,9.672784384312111
1404.0,9.672784292918344
1405.0,9.67195761043906
1406.0,9.671783283154445
1407.0,9.671746701989665
1408.0,9.671739028034102
1409.0,9.671737397690416
1410.0,9.67173703854225
1411.0,9.67173694857898
1412.0,9.670910350601952
1413.0,9.670736130943347
1414.0,9.67069961783934
1415.0,9.670691935603493
1416.0,9.670690292527176
1417.0,9.670689917618848
1418.0,9.670689815162085
1419.0,9.669863295706651
1420.0,9.669689087066061
1421.0,9.669652582510235
1422.0,9.669644921532491
1423.0,9.669643294298913
1424.0,9.669642932787536
1425.0,9.669642839568978
1426.0,9.668816223276337
1427.0,9.66864221646497
1428.0,9.668605704735006
1429.0,9.668598062595168
1430.0,9.668596446669913
1431.0,9.668596094608162
1432.0,9.668596008583512
1433.0,9.66776949770927
1434.0,9.667595537724027
1435.0,9.667559022674928
1436.0,9.667551386237879
1437.0,9.667549773691597
1438.0,9.667549423557784
1439.0,9.667549338237048
1440.0,9.666723021767076
1441.0,9.666549037718557
1442.0,9.666512533758638
1443.0,9.666504898033104
1444.0,9.66650328413495
1445.0,9.666502931104244
1446.0,9.666502844025949
1447.0,9.66567668674476
1448.0,9.665502711857634
1449.0,9.665466214418608
1450.0,9.665458585444473
1451.0,9.665456972501154
1452.0,9.665456618973522
1453.0,9.665456530538076
1454.0,9.664630501346043
1455.0,9.664456562610953
1456.0,9.66442005806078
1457.0,9.664412440055454
1458.0,9.664410831741918
1459.0,9.664410480889636
1460.0,9.6644103929973
1461.0,9.66358451558619
1462.0,9.663410595470088
1463.0,9.66337408267068
1464.0,9.663366462363907
1465.0,9.663364856700685
1466.0,9.663364509425769
1467.0,9.663364424878614
1468.0,9.662538705405439
1469.0,9.662364798843369
1470.0,9.662328280911627
1471.0,9.662320655858455
1472.0,9.662319052859985
1473.0,9.662318707907236
1474.0,9.662318625503534
1475.0,9.661493052269797
1476.0,9.661319169401345
1477.0,9.661282646678137
1478.0,9.661275017062223
1479.0,9.661273416437504
1480.0,9.661273075259288
1481.0,9.66127299577017
1482.0,9.660447568085402
1483.0,9.660273710875963
1484.0,9.66023718308275
1485.0,9.66022954802535
1486.0,9.660227949458845
1487.0,9.660227611092587
1488.0,9.660227535303406
1489.0,9.659402256776488
1490.0,9.659228422649688
1491.0,9.659191890826627
1492.0,9.65918424828265
1493.0,9.659182651543652
1494.0,9.659182316279388
1495.0,9.659182243335565
1496.0,9.658357121152093
1497.0,9.658183306678458
1498.0,9.658146769070395
1499.0,9.658139117840246
1500.0,9.658137522155707
1501.0,9.658137189992592
1502.0,9.658137119673466
1503.0,9.657312159425022
1504.0,9.657138362248226
1505.0,9.657101813923699
1506.0,9.657094156531514
1507.0,9.657092561716748
1508.0,9.657092231870026
1509.0,9.65709216429261
1510.0,9.65626736517361
1511.0,9.656093582938494
1512.0,9.65605703003647
1513.0,9.65604936581626
1514.0,9.656047770182145
1515.0,9.656047442070932
1516.0,9.656047376746917
1517.0,9.655222742893159
1518.0,9.65504897032493
1519.0,9.655012411592216
1520.0,9.655004742810114
1521.0,9.655003145851454
1522.0,9.655002819320487
1523.0,9.655002756475767
1524.0,9.654178289095356
1525.0,9.654004521420148
1526.0,9.653967958017724
1527.0,9.653960283883695
1528.0,9.653958685828169
1529.0,9.653958361829009
1530.0,9.653958302301836
1531.0,9.653133993754473
1532.0,9.65296023451583
1533.0,9.652923670363341
1534.0,9.65291599092556
1535.0,9.652914392441195
1536.0,9.652914070621321
1537.0,9.652914013878913
1538.0,9.652089855648272
1539.0,9.651916109855673
1540.0,9.651879549029184
1541.0,9.651871863725281
1542.0,9.65187026530041
1543.0,9.651869945528565
1544.0,9.651869891410577
1545.0,9.651045867763365
1546.0,9.650872148772654
1547.0,9.650835590717367
1548.0,9.650827901638502
1549.0,9.650826303822056
1550.0,9.650825986770275
1551.0,9.650825935839078
1552.0,9.650001991240229
1553.0,9.649828346579751
1554.0,9.649791791997735
1555.0,9.649784103006708
1556.0,9.649782507088227
1557.0,9.649782193623608
1558.0,9.64978214604597
1559.0,9.648958241385802
1560.0,9.648784702818764
1561.0,9.648748159890646
1562.0,9.648740470711434
1563.0,9.648738874589668
1564.0,9.64873856250622
1565.0,9.648738518380473
1566.0,9.647914629885413
1567.0,9.647741210534114
1568.0,9.647704685716754
1569.0,9.64769700136282
1570.0,9.647695409009437
1571.0,9.647695099503235
1572.0,9.647695056974005
1573.0,9.646871218436154
1574.0,9.64669789386324
1575.0,9.64666138228824
1576.0,9.646653706152165
1577.0,9.646652118579762
1578.0,9.646651810980428
1579.0,9.646651768396163
1580.0,9.645828011914203
1581.0,9.64565476341005
1582.0,9.64561825969286
1583.0,9.645610589434153
1584.0,9.645609004297114
1585.0,9.645608697886356
1586.0,9.645608655383707
1587.0,9.644785012136099
1588.0,9.64461181258287
1589.0,9.64457531636891
1590.0,9.644567648954343
1591.0,9.64456606496019
1592.0,9.644565759611748
1593.0,9.644565717641582
1594.0,9.643742203200244
1595.0,9.643569036174751
1596.0,9.643532552750965
1597.0,9.643524887381538
1598.0,9.64352330377563
1599.0,9.643522998044888
1600.0,9.64352295589275
1601.0,9.642699601680857
1602.0,9.642526436440521
1603.0,9.642489969044867
1604.0,9.642482304922702
1605.0,9.64248072152638
1606.0,9.642480414278863
1607.0,9.642480371376855
1608.0,9.641657208466942
1609.0,9.641484014602003
1610.0,9.64144756548087
1611.0,9.641439902370323
1612.0,9.64143831979658
1613.0,9.641438010161817
1614.0,9.641437965754006
1615.0,9.640615015876861
1616.0,9.640441774566987
1617.0,9.640405338810885
1618.0,9.640397675642589
1619.0,9.640396096440572
1620.0,9.64039578524912
1621.0,9.64039573969648
1622.0,9.63957301942851
1623.0,9.639399726155641
1624.0,9.639363291016405
1625.0,9.639355615276887
1626.0,9.639354039342123
1627.0,9.63935372910595
1628.0,9.639353685434042
1629.0,9.638531208818915
1630.0,9.638357855474506
1631.0,9.638321386229801
1632.0,9.638313693029096
1633.0,9.638312122317194
1634.0,9.638311818298975
1635.0,9.638311785788886
1636.0,9.63748957605327
1637.0,9.637316166598561
1638.0,9.637279652434696
1639.0,9.637271963495245
1640.0,9.637270386561685
1641.0,9.637270082743262
1642.0,9.63727004556871
1643.0,9.636448101922745
1644.0,9.636274633595647
1645.0,9.636238085660285
1646.0,9.636230395968859
1647.0,9.636228814827867
1648.0,9.636228510876652
1649.0,9.636228472234833
1650.0,9.635406746922166
1651.0,9.635233232653501
1652.0,9.635196687096148
1653.0,9.635189001720217
1654.0,9.63518741956816
1655.0,9.635187114147296
1656.0,9.635187073457658
1657.0,9.63436555264669
1658.0,9.634192001056167
1659.0,9.634155467155331
1660.0,9.634147786854642
1661.0,9.634146203952303
1662.0,9.634145896392138
1663.0,9.634145853318051
1664.0,9.63332452766848
1665.0,9.633150947735487
1666.0,9.633114428131057
1667.0,9.633106752345356
1668.0,9.63310516847297
1669.0,9.633104858644543
1670.0,9.63310481322396
1671.0,9.632283674894065
1672.0,9.632110073469278
1673.0,9.632073570568915
1674.0,9.632065899012302
1675.0,9.63206431400755
1676.0,9.632064001786457
1677.0,9.632063953905574
1678.0,9.631242997295635
1679.0,9.631069379288302
1680.0,9.631032895155936
1681.0,9.631025227424278
1682.0,9.63102364137808
1683.0,9.631023326569204
1684.0,9.631023275657302
1685.0,9.630202497807527
1686.0,9.630028866118845
1687.0,9.629992401679301
1688.0,9.62998473720026
1689.0,9.62998315024945
1690.0,9.629982832373827
1691.0,9.629982777519215
1692.0,9.62916217514849
1693.0,9.628988532710274
1694.0,9.628952089262627
1695.0,9.628944427460944
1696.0,9.62894283931228
1697.0,9.62894251729227
1698.0,9.628942458993855
1699.0,9.628122030188312
1700.0,9.627948379166998
1701.0,9.627911957609301
1702.0,9.627904298107627
1703.0,9.62790270790213
1704.0,9.627902381819933
1705.0,9.627902320761262
1706.0,9.627082064181597
1707.0,9.626908406230935
1708.0,9.626872006722119
1709.0,9.62686434913387
1710.0,9.62686275648381
1711.0,9.626862427058072
1712.0,9.626862363123525
1713.0,9.626042277336406
1714.0,9.62586861407928
1715.0,9.625832235820983
1716.0,9.625824579837689
1717.0,9.625822985320433
1718.0,9.625822652730724
1719.0,9.625822585853836
1720.0,9.625002669583463
1721.0,9.624829002586337
1722.0,9.624792644524454
1723.0,9.624784990367186
1724.0,9.624783394581145
1725.0,9.624783058543107
1726.0,9.624782988573513
1727.0,9.623963241360476
1728.0,9.623789571451864
1729.0,9.62375323214821
1730.0,9.623745580110171
1731.0,9.623743983229332
1732.0,9.623743643897125
1733.0,9.62374357071365
1734.0,9.622923991939789
1735.0,9.622750319987004
1736.0,9.622713997768003
1737.0,9.622706348069844
1738.0,9.622704750610556
1739.0,9.62270440810553
1740.0,9.622704331437882
1741.0,9.621884921470503
1742.0,9.621711247589054
1743.0,9.621674940513042
1744.0,9.62166729334541
1745.0,9.62166569548917
1746.0,9.62166534999338
1747.0,9.621665269692873
1748.0,9.620846027379764
1749.0,9.620672352979089
1750.0,9.620636058808989
1751.0,9.620628414412508
1752.0,9.620626816008953
1753.0,9.620626467616308
1754.0,9.62062638415143
1755.0,9.619807306670621
1756.0,9.619633634308588
1757.0,9.61959735043287
1758.0,9.619589709084318
1759.0,9.619588110072055
1760.0,9.619587759251582
1761.0,9.619587673271834
1762.0,9.618768756143155
1763.0,9.618595088904911
1764.0,9.618558815566175
1765.0,9.618551177340086
1766.0,9.618549577278843
1767.0,9.618549223837157
1768.0,9.618549135474273
1769.0,9.617730376773318
1770.0,9.617556716884145
1771.0,9.617520450961104
1772.0,9.617512816574987
1773.0,9.617511215319233
1774.0,9.617510859390197
1775.0,9.617510768793007
1776.0,9.616692166603986
1777.0,9.616518515736342
1778.0,9.616482256076425
1779.0,9.616474625618036
1780.0,9.616473022961955
1781.0,9.616472664550157
1782.0,9.61647257164993
1783.0,9.615654122772504
1784.0,9.615480483771499
1785.0,9.615444228944103
1786.0,9.615436602731428
1787.0,9.61543499850187
1788.0,9.615434637702705
1789.0,9.615434542498978
1790.0,9.614616244583285
1791.0,9.614442619426567
1792.0,9.614406367987893
1793.0,9.614398746352883
1794.0,9.614397140391691
1795.0,9.614396777272434
1796.0,9.614396679841224
1797.0,9.613578528015328
1798.0,9.61340492035613
1799.0,9.613368671707262
1800.0,9.613361054978828
1801.0,9.613359447294037
1802.0,9.61335908190759
1803.0,9.6133589823037
1804.0,9.61254096948678
1805.0,9.612367359806093
1806.0,9.6123310699017
1807.0,9.612323449841034
1808.0,9.612321846739688
1809.0,9.612321494007656
1810.0,9.612321405114201
1811.0,9.611503474681964
1812.0,9.611329987440033
1813.0,9.611293675172316
1814.0,9.611286047502702
1815.0,9.611284436427265
1816.0,9.611284082179845
1817.0,9.611283991078082
1818.0,9.610465993476911
1819.0,9.610292629764805
1820.0,9.610256398850039
1821.0,9.61024879604134
1822.0,9.610247194495717
1823.0,9.610246838779041
1824.0,9.610246746087096
1825.0,9.60942882012561
1826.0,9.609255533635444
1827.0,9.609219328287478
1828.0,9.609211738948197
1829.0,9.609210135982828
1830.0,9.609209773071992
1831.0,9.609209674378285
1832.0,9.608391922009986
1833.0,9.608218636998249
1834.0,9.608182423082532
1835.0,9.608174832220243
1836.0,9.608173227216888
1837.0,9.60817286414204
1838.0,9.608172764713153
1839.0,9.607355136967055
1840.0,9.607181886048677
1841.0,9.607145657058947
1842.0,9.607138067612851
1843.0,9.607136463523101
1844.0,9.6071361035669
1845.0,9.607136006163163
1846.0,9.606318432914776
1847.0,9.606145269391646
1848.0,9.606109051659487
1849.0,9.606101469448422
1850.0,9.606099863275954
1851.0,9.606099501251993
1852.0,9.606099402442059
1853.0,9.605281861309514
1854.0,9.605108802221697
1855.0,9.605072603788976
1856.0,9.60506502549344
1857.0,9.605063417112365
1858.0,9.605063053640968
1859.0,9.605062953873874
1860.0,9.604245447248074
1861.0,9.604072489720341
1862.0,9.604036310037761
1863.0,9.604028732263398
1864.0,9.604027121676415
1865.0,9.604026757920469
1866.0,9.604026658085594
1867.0,9.603209192701746
1868.0,9.603036329557998
1869.0,9.60300016830395
1870.0,9.602992590108146
1871.0,9.602990977443099
1872.0,9.60299061352639
1873.0,9.602990513702277
1874.0,9.60217309599039
1875.0,9.602000263981353
1876.0,9.601964122788868
1877.0,9.601956555115521
1878.0,9.60195494970964
1879.0,9.601954593215394
1880.0,9.601954499994747
1881.0,9.601137117900539
1882.0,9.600964413647048
1883.0,9.600928293729467
1884.0,9.600920721902533
1885.0,9.600919106751318
1886.0,9.600918743687808
1887.0,9.600918646821313
1888.0,9.6001012698955
1889.0,9.599928726478758
1890.0,9.599892628411745
1891.0,9.599885053750892
1892.0,9.599883434824774
1893.0,9.599883068854895
1894.0,9.599882968556468
1895.0,9.599065675358517
1896.0,9.598893202317928
1897.0,9.59885711871602
1898.0,9.598849543911014
1899.0,9.59884792261
1900.0,9.598847555588197
1901.0,9.598847455413695
1902.0,9.598030294438821
1903.0,9.597857844098568
1904.0,9.597821773691516
1905.0,9.59781419818194
1906.0,9.597812573163905
1907.0,9.597812202669479
1908.0,9.597812101429085
1909.0,9.596995059350917
1910.0,9.596822646102066
1911.0,9.596786588936796
1912.0,9.596779012093952
1913.0,9.596777384705911
1914.0,9.596777010965043
1915.0,9.596776907819521
1916.0,9.595959977281227
1917.0,9.595787612568211
1918.0,9.595751567279706
1919.0,9.595743987956084
1920.0,9.595742357650508
1921.0,9.595741981397062
1922.0,9.595741876765501
1923.0,9.594925065901908
1924.0,9.594752740006694
1925.0,9.594716706172079
1926.0,9.594709125703925
1927.0,9.594707492978404
1928.0,9.594707115036707
1929.0,9.594707008837098
1930.0,9.593890326103839
1931.0,9.593718028210645
1932.0,9.593682003445782
1933.0,9.593674427252438
1934.0,9.593672792376854
1935.0,9.593672412813044
1936.0,9.593672304612735
1937.0,9.592855753947418
1938.0,9.592683481456984
1939.0,9.592647463167694
1940.0,9.592639892825671
1941.0,9.592638255627211
1942.0,9.592637874654098
1943.0,9.592637765463325
1944.0,9.591821349447645
1945.0,9.591649100082352
1946.0,9.591613088159816
1947.0,9.591605523824741
1948.0,9.591603884702113
1949.0,9.59160350218901
1950.0,9.591603392294633
1951.0,9.590787110021354
1952.0,9.59061488423288
1953.0,9.590578878518151
1954.0,9.590571320453062
1955.0,9.590569680002444
1956.0,9.590569296189837
1957.0,9.590569185635314
1958.0,9.589753035119795
1959.0,9.589580834562614
1960.0,9.589544834800268
1961.0,9.589537283467681
1962.0,9.589535642098431
1963.0,9.589535257133116
1964.0,9.589535145929275
1965.0,9.588719126393242
1966.0,9.58854695315146
1967.0,9.588510957723628
1968.0,9.588503412525437
1969.0,9.588501770788667
1970.0,9.588501385052558
1971.0,9.588501273328355
1972.0,9.587685385400832
1973.0,9.58751324108802
1974.0,9.58747724807731
1975.0,9.587469706965408
1976.0,9.587468066721621
1977.0,9.58746767974036
1978.0,9.58746756746762
1979.0,9.586651883687203
1980.0,9.586479701950447
1981.0,9.58644370011692
1982.0,9.586436157465453
1983.0,9.586434524199205
1984.0,9.586434136260484
1985.0,9.586434024237693
1986.0,9.585618479715402
1987.0,9.58544631321679
1988.0,9.585410311864305
1989.0,9.585402771556602
1990.0,9.585401144151662
1991.0,9.585400756796771
1992.0,9.585400644272365
1993.0,9.584585224780849
1994.0,9.584413092304183
1995.0,9.584377094142546
1996.0,9.584369553326395
1997.0,9.584367927676842
1998.0,9.584367543167605
1999.0,9.584367429290618
2000.0,9.583552132313816
2001.0,9.583380039669631
2002.0,9.58334404273805
2003.0,9.583336500468576
2004.0,9.583334876013074
2005.0,9.583334494679038
2006.0,9.583334380255492
2007.0,9.58251921008476
2008.0,9.582347153742383
2009.0,9.582311155136464
2010.0,9.582303612017888
2011.0,9.582301989822422
2012.0,9.582301610411985
2013.0,9.582301498022431
2014.0,9.581486455254069
2015.0,9.581314435418651
2016.0,9.581278433107947
2017.0,9.581270889232162
2018.0,9.581269269970631
2019.0,9.581268892521924
2020.0,9.581268782548188
2021.0,9.580453864865632
2022.0,9.580281889097296
2023.0,9.580245878341568
2024.0,9.580238332085978
2025.0,9.58023671626413
2026.0,9.580236341446572
2027.0,9.580236232852814
2028.0,9.579421439456848
2029.0,9.579249513099068
2030.0,9.579213489866179
2031.0,9.579205939082737
2032.0,9.579204326928446
2033.0,9.57920395592248
2034.0,9.579203848700597
2035.0,9.578389172948516
2036.0,9.578217302130927
2037.0,9.578181266094246
2038.0,9.578173708898607
2039.0,9.578172100242814
2040.0,9.578171734474017
2041.0,9.578171629582858
2042.0,9.577357086932228
2043.0,9.577185260871797
2044.0,9.577149207029947
2045.0,9.5771416403656
2046.0,9.577140034260191
2047.0,9.577139674263364
2048.0,9.57713957042645
2049.0,9.576325164543187
2050.0,9.57615337952758
2051.0,9.576117299085901
2052.0,9.57610971432724
2053.0,9.57610810722348
2054.0,9.576107753129559
2055.0,9.576107656000243
2056.0,9.57529337364918
2057.0,9.57512163136543
2058.0,9.575085516924261
2059.0,9.57507791494214
2060.0,9.575076311949513
2061.0,9.575075969639983
2062.0,9.57507588498476
2063.0,9.574261716536135
2064.0,9.574090020320938
2065.0,9.574053874750307
2066.0,9.574046256465177
2067.0,9.574044656796893
2068.0,9.5740443304283
2069.0,9.574044260687632
2070.0,9.57323019544937
2071.0,9.573058553566604
2072.0,9.573022382511207
2073.0,9.573014760704222
2074.0,9.573013159763878
2075.0,9.573012841868142
2076.0,9.573012784175772
2077.0,9.572198812101785
2078.0,9.57202723054593
2079.0,9.57199103913414
2080.0,9.571983431742993
2081.0,9.571981829422025
2082.0,9.571981506371941
2083.0,9.57198145440352
2084.0,9.571167579633467
2085.0,9.570996053329992
2086.0,9.570959859610516
2087.0,9.570952254944114
2088.0,9.570950653986694
2089.0,9.57095032503953
2090.0,9.570950274240099
2091.0,9.5701365255244
2092.0,9.56996495537657
2093.0,9.569928838668
2094.0,9.569921249854673
2095.0,9.569919649763749
2096.0,9.569919309506238
2097.0,9.569919236026758
2098.0,9.569105620431666
2099.0,9.568934127549388
2100.0,9.56889796878967
2101.0,9.568890365307698
2102.0,9.568888764447815
2103.0,9.568888427902564
2104.0,9.56888836726474
2105.0,9.568074901919864
2106.0,9.567903444904157
2107.0,9.567867270594725
2108.0,9.567859663217355
2109.0,9.567858063749398
2110.0,9.567857737593185
2111.0,9.567857682952027
2112.0,9.567044343298331
2113.0,9.566872922310733
2114.0,9.566836774963324
2115.0,9.56682916649704
2116.0,9.566827563715982
2117.0,9.566827233839264
2118.0,9.566827176588204
2119.0,9.566013955109273
2120.0,9.56584258006654
2121.0,9.56580645851156
2122.0,9.565798852319276
2123.0,9.565797247535304
2124.0,9.565796911546862
2125.0,9.565796849864917
2126.0,9.564983752101824
2127.0,9.564812422405337
2128.0,9.564776320535639
2129.0,9.564768716290759
2130.0,9.564767109796914
2131.0,9.564766772992204
2132.0,9.564766708645099
2133.0,9.563953736480508
2134.0,9.563782455811149
2135.0,9.563746371537116
2136.0,9.563738770593652
2137.0,9.563737162930252
2138.0,9.563736824768863
2139.0,9.563736757119347
2140.0,9.562923912383956
2141.0,9.562752680475999
2142.0,9.56271661628943
2143.0,9.562709018963693
2144.0,9.562707409616026
2145.0,9.562707068310306
2146.0,9.562706996525922
2147.0,9.561894282624579
2148.0,9.561723042005251
2149.0,9.561686978160456
2150.0,9.561679383916129
2151.0,9.561677787099473
2152.0,9.561677459702503
2153.0,9.561677397461732
2154.0,9.560864825310729
2155.0,9.560693657785176
2156.0,9.56065762654097
2157.0,9.56065002886176
2158.0,9.56064841981372
2159.0,9.560648078384597
2160.0,9.560648002488882
2161.0,9.559835513952008
2162.0,9.559664429703115
2163.0,9.559628453880485
2164.0,9.559620866702874
2165.0,9.559619251712547
2166.0,9.559618900444338
2167.0,9.55961881628178
2168.0,9.558806448177648
2169.0,9.558635413448746
2170.0,9.558599463962917
2171.0,9.558591884490045
2172.0,9.558590269128718
2173.0,9.558589914580947
2174.0,9.558589826793948
2175.0,9.557777601433648
2176.0,9.55760660054527
2177.0,9.557570662706299
2178.0,9.557563087630234
2179.0,9.557561473632262
2180.0,9.55756111710076
2181.0,9.557561027379403
2182.0,9.556748922112941
2183.0,9.55657796637542
2184.0,9.55654204971582
2185.0,9.556534482501746
2186.0,9.556532869494681
2187.0,9.556532509973945
2188.0,9.556532417787242
2189.0,9.55572040238351
2190.0,9.555549510594009
2191.0,9.555513630046423
2192.0,9.55550607290515
2193.0,9.555504458650486
2194.0,9.555504095915824
2195.0,9.55550400066451
2196.0,9.554692100035265
2197.0,9.554521256056432
2198.0,9.55448540454239
2199.0,9.554477857305992
2200.0,9.554476240813585
2201.0,9.554475875210246
2202.0,9.554475776983773
2203.0,9.553664021169723
2204.0,9.553493207137997
2205.0,9.553457373220159
2206.0,9.553449834919682
2207.0,9.553448217345558
2208.0,9.553447848466117
2209.0,9.553447747703261
2210.0,9.55263613441782
2211.0,9.552465352977062
2212.0,9.552429537124453
2213.0,9.55242200810554
2214.0,9.552420390831372
2215.0,9.55242001836729
2216.0,9.552419914699033
2217.0,9.551608443776374
2218.0,9.551437696799429
2219.0,9.551401900793916
2220.0,9.551394381394513
2221.0,9.551392764390826
2222.0,9.551392387909468
2223.0,9.551392280486626
2224.0,9.550580954277548
2225.0,9.550410241092525
2226.0,9.55037446474769
2227.0,9.550366954876056
2228.0,9.550365337887083
2229.0,9.550364957839207
2230.0,9.550364846394018
2231.0,9.549553667534774
2232.0,9.549382986616823
2233.0,9.549347227956225
2234.0,9.549339726781175
2235.0,9.549338109743859
2236.0,9.549337726815134
2237.0,9.549337611939354
2238.0,9.548526582692734
2239.0,9.54835593261609
2240.0,9.548320190836552
2241.0,9.548312696916273
2242.0,9.548311079228286
2243.0,9.548310693590725
2244.0,9.54831057603803
2245.0,9.547499700588734
2246.0,9.547329078427179
2247.0,9.54729335143759
2248.0,9.547285861757548
2249.0,9.547284240799721
2250.0,9.547283853638987
2251.0,9.547283735338631
2252.0,9.546473016387553
2253.0,9.54630242016952
2254.0,9.54626670551761
2255.0,9.546259214168341
2256.0,9.546257589118772
2257.0,9.546257201530466
2258.0,9.546257084599052
2259.0,9.545446522331066
2260.0,9.545275950748497
2261.0,9.54524024430854
2262.0,9.545232752171188
2263.0,9.545231125276917
2264.0,9.545230737509645
2265.0,9.545230620520776
2266.0,9.544420216319267
2267.0,9.544249667871187
2268.0,9.544213963895109
2269.0,9.544206473063817
2270.0,9.544204846881282
2271.0,9.54420445933756
2272.0,9.5442043421362
2273.0,9.543394099485704
2274.0,9.54322357171649
2275.0,9.543187867946468
2276.0,9.543180378960008
2277.0,9.54317875419579
2278.0,9.543178366743582
2279.0,9.543178249336727
2280.0,9.542368170278866
2281.0,9.542197661657227
2282.0,9.542161957326403
2283.0,9.542154470112319
2284.0,9.542152846520082
2285.0,9.542152459371806
2286.0,9.542152342057985
2287.0,9.54134242590328
2288.0,9.541171936999763
2289.0,9.541136231454676
2290.0,9.541128745561732
2291.0,9.54112712368896
2292.0,9.541126737245579
2293.0,9.541126620178394
2294.0,9.540316864867961
2295.0,9.540146396682061
2296.0,9.540110690247701
2297.0,9.540103205759829
2298.0,9.540101585903653
2299.0,9.540101200279747
2300.0,9.540101083682886
2301.0,9.53929148164167
2302.0,9.539121039570785
2303.0,9.539085333946876
2304.0,9.539077851078432
2305.0,9.539076232995619
2306.0,9.539075848475216
2307.0,9.539075732670602
2308.0,9.538266280052007
2309.0,9.5380958667859
2310.0,9.538060162932233
2311.0,9.538052681705972
2312.0,9.53805106537856
2313.0,9.538050682145002
2314.0,9.538050567316951
2315.0,9.53724126145848
2316.0,9.537070878330237
2317.0,9.537035177235715
2318.0,9.537027697575363
2319.0,9.537026083196617
2320.0,9.537025701448586
2321.0,9.537025587752957
2322.0,9.536216427132247
2323.0,9.536046075279387
2324.0,9.536010376959414
2325.0,9.536002898749445
2326.0,9.536001286496045
2327.0,9.536000906451067
2328.0,9.536000794037374
2329.0,9.535191774498976
2330.0,9.535021457628428
2331.0,9.534985761860195
2332.0,9.53497828519177
2333.0,9.534976675260658
2334.0,9.534976297115016
2335.0,9.534976186139916
2336.0,9.53416730636275
2337.0,9.53399702596789
2338.0,9.533961331995616
2339.0,9.533953856781707
2340.0,9.533952249406852
2341.0,9.533951873378319
2342.0,9.533951764013207
2343.0,9.533143025621708
2344.0,9.532972780720979
2345.0,9.532937087929806
2346.0,9.532929613753357
2347.0,9.532928009204221
2348.0,9.532927635428415
2349.0,9.532927527772474
2350.0,9.53211893575528
2351.0,9.531948722259624
2352.0,9.531913030213332
2353.0,9.531905556850278
2354.0,9.531903955130552
2355.0,9.531903583678073
2356.0,9.531903477539686
2357.0,9.53109503590144
2358.0,9.530924850594062
2359.0,9.530889159163953
2360.0,9.530881686418269
2361.0,9.53088008735807
2362.0,9.530879718343918
2363.0,9.530879613308187
2364.0,9.530071324832125
2365.0,9.529901165527846
2366.0,9.529865472769046
2367.0,9.529858000368003
2368.0,9.529856404496085
2369.0,9.529856038681453
2370.0,9.529855935008879
2371.0,9.529047803097388
2372.0,9.52887766920154
2373.0,9.528841977873206
2374.0,9.528834506168646
2375.0,9.528832910989063
2376.0,9.528832544385478
2377.0,9.528832441975299
2378.0,9.528024464404805
2379.0,9.52785435390615
2380.0,9.527818662200684
2381.0,9.527811191584435
2382.0,9.527809596431439
2383.0,9.527809233886675
2384.0,9.527809134357101
2385.0,9.527001309902383
2386.0,9.526831225217165
2387.0,9.52679553317358
2388.0,9.526788062556147
2389.0,9.526786469786156
2390.0,9.526786109814937
2391.0,9.526786012190836
2392.0,9.52597833914989
2393.0,9.525808282129676
2394.0,9.525772588524312
2395.0,9.525765117480347
2396.0,9.525763528899498
2397.0,9.52576317107879
2398.0,9.525763075014837
2399.0,9.524955553912022
2400.0,9.524785524115433
2401.0,9.524749839170171
2402.0,9.5247423627264
2403.0,9.524740774101277
2404.0,9.524740417785601
2405.0,9.524740323216228
2406.0,9.52393295262354
2407.0,9.523762951100228
2408.0,9.523727268391253
2409.0,9.523719791117927
2410.0,9.523718204213292
2411.0,9.523717849860168
2412.0,9.52371775692451
2413.0,9.522910543784654
2414.0,9.522740566524542
2415.0,9.522704885073415
2416.0,9.522697405519029
2417.0,9.522695819825733
2418.0,9.522695467331943
2419.0,9.522695376022023
2420.0,9.521888324580228
2421.0,9.521718368603697
2422.0,9.52168268850153
2423.0,9.521675205736468
2424.0,9.521673621042009
2425.0,9.521673270327533
2426.0,9.521673180570724
2427.0,9.52086629095669
2428.0,9.520696356217574
2429.0,9.520660677782562
2430.0,9.520653191811745
2431.0,9.52065160805619
2432.0,9.520651259030783
2433.0,9.520651170228248
2434.0,9.519844406313563
2435.0,9.519674523366785
2436.0,9.51963885183961
2437.0,9.519631365583905
2438.0,9.51962978144015
2439.0,9.519629433538496
2440.0,9.519629346678666
2441.0,9.51882280147504
2442.0,9.518652891465361
2443.0,9.518617215860049
2444.0,9.518609722461303
2445.0,9.518608139606663
2446.0,9.518607793590615
2447.0,9.518607709239108
2448.0,9.51780126840701
2449.0,9.517631427614567
2450.0,9.517595760522962
2451.0,9.517588272138472
2452.0,9.517586688288482
2453.0,9.517586342489563
2454.0,9.517586257567338
2455.0,9.516779998004523
2456.0,9.51661016267819
2457.0,9.516574496396203
2458.0,9.516567004923251
2459.0,9.516565420882918
2460.0,9.516565076205064
2461.0,9.516564994324062
2462.0,9.515758894420415
2463.0,9.515589080109756
2464.0,9.51555341144792
2465.0,9.515545929918307
2466.0,9.515544341501116
2467.0,9.51554399911854
2468.0,9.515543917088587
2469.0,9.514737974856807
2470.0,9.514568182303591
2471.0,9.514532519085899
2472.0,9.514525038818455
2473.0,9.514523450286127
2474.0,9.514523108341871
2475.0,9.514523027190668
2476.0,9.513717259560028
2477.0,9.5135474769985
2478.0,9.513511817444186
2479.0,9.513504336792304
2480.0,9.513502749124804
2481.0,9.513502407572323
2482.0,9.513502327008425
2483.0,9.512696732285345
2484.0,9.512526965525666
2485.0,9.512491307015644
2486.0,9.512483825618698
2487.0,9.512482238516144
2488.0,9.51248189713757
2489.0,9.512481817118509
2490.0,9.51167639249034
2491.0,9.511506644288652
2492.0,9.511470984922342
2493.0,9.511463499186128
2494.0,9.511461917698355
2495.0,9.511461576367967
2496.0,9.511461497076983
2497.0,9.510656252288554
2498.0,9.510486514243228
2499.0,9.510450859899287
2500.0,9.510443374460769
2501.0,9.510441792662746
2502.0,9.510441450677202
2503.0,9.510441370649287
2504.0,9.509636312653491
2505.0,9.509466582892836
2506.0,9.509430932764502
2507.0,9.509423445787892
2508.0,9.509421863512415
2509.0,9.509421521308882
2510.0,9.509421441084093
2511.0,9.508616570541081
2512.0,9.508446850895744
2513.0,9.508411204081549
2514.0,9.508403715618627
2515.0,9.508402132674188
2516.0,9.508401790118064
2517.0,9.508401709680143
2518.0,9.507597025250423
2519.0,9.507427317594809
2520.0,9.507391673747168
2521.0,9.507384184342062
2522.0,9.507382600767755
2523.0,9.507382257834461
2524.0,9.507382177042233
2525.0,9.506577676608144
2526.0,9.506407982763971
2527.0,9.50637234210086
2528.0,9.50636485195088
2529.0,9.506363267603216
2530.0,9.506362924141438
2531.0,9.506362842927315
2532.0,9.505558519691823
2533.0,9.505388844902173
2534.0,9.505353208339955
2535.0,9.505345717729565
2536.0,9.505344132703886
2537.0,9.505343788668167
2538.0,9.505343706950292
2539.0,9.504539553749005
2540.0,9.504369915971543
2541.0,9.504334299603265
2542.0,9.504326809507699
2543.0,9.504325219404722
2544.0,9.504324872350534
2545.0,9.504324786524109
2546.0,9.503520794049168
2547.0,9.50335119908717
2548.0,9.503315589110825
2549.0,9.503308100188068
2550.0,9.503306508928262
2551.0,9.503306161281518
2552.0,9.503306075080491
2553.0,9.502502258646958
2554.0,9.502332674541481
2555.0,9.502297063910905
2556.0,9.502289575698736
2557.0,9.502287988526456
2558.0,9.502287641961718
2559.0,9.502287557641871
2560.0,9.501483911608656
2561.0,9.501314348575466
2562.0,9.50127873792531
2563.0,9.501271250859336
2564.0,9.501269664509019
2565.0,9.501269318676707
2566.0,9.501269235089936
2567.0,9.500465729196282
2568.0,9.50029621504692
2569.0,9.500260615676964
2570.0,9.500253130230693
2571.0,9.500251543599038
2572.0,9.500251197155764
2573.0,9.500251113118365
2574.0,9.49944773564889
2575.0,9.4992782803248
2576.0,9.499242692362545
2577.0,9.499235208939808
2578.0,9.499233622313938
2579.0,9.499233275643622
2580.0,9.499233191474048
2581.0,9.498429953796474
2582.0,9.498260546263735
2583.0,9.498224964994181
2584.0,9.498217483088716
2585.0,9.498215897112747
2586.0,9.498215550925417
2587.0,9.498215467197515
2588.0,9.49741237017384
2589.0,9.497243008534621
2590.0,9.497207434033589
2591.0,9.497199953853109
2592.0,9.497198368468785
2593.0,9.497198022631972
2594.0,9.49719793925211
2595.0,9.496394974410599
2596.0,9.49622566532922
2597.0,9.496190099650391
2598.0,9.496182621466891
2599.0,9.496181036506766
2600.0,9.496180690773082
2601.0,9.496180607548048
2602.0,9.495377771065833
2603.0,9.49520851722589
2604.0,9.495172961214912
2605.0,9.495165485123788
2606.0,9.49516390055949
2607.0,9.4951635549942
2608.0,9.495163471818874
2609.0,9.494360763598703
2610.0,9.494191564299129
2611.0,9.494156017704217
2612.0,9.494148543780092
2613.0,9.494146959694293
2614.0,9.494146614469127
2615.0,9.49414653131714
2616.0,9.493343951514412
2617.0,9.493174805925909
2618.0,9.493139268235003
2619.0,9.493131796490902
2620.0,9.49313021302252
2621.0,9.493129868087577
2622.0,9.49312978502644
2623.0,9.492327335935592
2624.0,9.492158241815973
2625.0,9.492122712274236
2626.0,9.492115242789136
2627.0,9.492113659845025
2628.0,9.492113315084225
2629.0,9.492113232101495
2630.0,9.491310914414704
2631.0,9.491141870935085
2632.0,9.491106349145042
2633.0,9.491098881742344
2634.0,9.491097299295303
2635.0,9.491096954699445
2636.0,9.491096871808598
2637.0,9.490294685392254
2638.0,9.490125692379014
2639.0,9.490090178506634
2640.0,9.490082712673289
2641.0,9.490081130705743
2642.0,9.490080786259387
2643.0,9.490080703402565
2644.0,9.489278648653986
2645.0,9.489109705549183
2646.0,9.489074198947748
2647.0,9.489066734601247
2648.0,9.489065153270975
2649.0,9.489064809048775
2650.0,9.48906472576358
2651.0,9.488262803301582
2652.0,9.488093909207059
2653.0,9.488058408664351
2654.0,9.488050946210018
2655.0,9.48804936566767
2656.0,9.488049020966429
2657.0,9.488048937401562
2658.0,9.487247147087045
2659.0,9.487078301487031
2660.0,9.48704280698885
2661.0,9.487035344971206
2662.0,9.487033764760355
2663.0,9.487033420414312
2664.0,9.487033337252019
2665.0,9.486231679578555
2666.0,9.486062881499553
2667.0,9.486027393397663
2668.0,9.486019931683876
2669.0,9.486018351743454
2670.0,9.486018007722572
2671.0,9.486017924970339
2672.0,9.485216400472313
2673.0,9.485047649112209
2674.0,9.485012167591435
2675.0,9.485004706240595
2676.0,9.485003126281619
2677.0,9.485002782566882
2678.0,9.485002700241782
2679.0,9.48420130991482
2680.0,9.484032604034073
2681.0,9.48399712924161
2682.0,9.483989668251342
2683.0,9.483988088227257
2684.0,9.483987744760729
2685.0,9.483987662791876
2686.0,9.483186408047343
2687.0,9.483017746054898
2688.0,9.48298227812246
2689.0,9.482974817472403
2690.0,9.482973237378825
2691.0,9.48297289407878
2692.0,9.482972812367228
2693.0,9.482171682466284
2694.0,9.48200307250585
2695.0,9.481967613949674
2696.0,9.481960153812965
2697.0,9.481958573625008
2698.0,9.48195823037362
2699.0,9.481958148785585
2700.0,9.481157132602704
2701.0,9.480988583223311
2702.0,9.480953136384526
2703.0,9.480945677049135
2704.0,9.480944096755708
2705.0,9.480943753431408
2706.0,9.48094367183828
2707.0,9.480142765966475
2708.0,9.479974279458942
2709.0,9.479938844960408
2710.0,9.479931386795474
2711.0,9.479929806339577
2712.0,9.479929462974713
2713.0,9.47992938124911
2714.0,9.479128590410491
2715.0,9.47896016264505
2716.0,9.478924739779886
2717.0,9.478917282533274
2718.0,9.478915702083887
2719.0,9.478915358431507
2720.0,9.478915276658167
2721.0,9.478114606035787
2722.0,9.477946232370636
2723.0,9.477910820400147
2724.0,9.477903364205002
2725.0,9.477901783584063
2726.0,9.477901439690903
2727.0,9.4779013576729
2728.0,9.47710081107981
2729.0,9.476932488109659
2730.0,9.476897086236477
2731.0,9.476889631161558
2732.0,9.476888050468844
2733.0,9.476887706192088
2734.0,9.47688762410322
2735.0,9.476087204902768
2736.0,9.47591893014367
2737.0,9.475883537401458
2738.0,9.475876083756045
2739.0,9.475874502625157
2740.0,9.47587415810466
2741.0,9.475874075560885
2742.0,9.47507378500507
2743.0,9.474905556863858
2744.0,9.474870173497456
2745.0,9.474862721003767
2746.0,9.474861139752047
2747.0,9.474860794614207
2748.0,9.474860711667175
2749.0,9.474060551027291
2750.0,9.473892368236868
2751.0,9.473856994197988
2752.0,9.473849542985386
2753.0,9.473847961172785
2754.0,9.473847615492094
2755.0,9.473847532032034
2756.0,9.473047501677648
2757.0,9.47287936307711
2758.0,9.47284399856305
2759.0,9.472836548744763
2760.0,9.472834966639914
2761.0,9.472834620351021
2762.0,9.472834536203804
2763.0,9.472034637085333
2764.0,9.471866540626008
2765.0,9.4718311861171
2766.0,9.471823737810693
2767.0,9.471822155417087
2768.0,9.471821808542693
2769.0,9.471821723806011
2770.0,9.471021963616451
2771.0,9.470853903026601
2772.0,9.470818556995173
2773.0,9.470811109876692
2774.0,9.470809527122562
2775.0,9.470809179636394
2776.0,9.470809094338218
2777.0,9.470009483164576
2778.0,9.469841450233464
2779.0,9.469806110765347
2780.0,9.469798664224719
2781.0,9.469797081174464
2782.0,9.469796733092272
2783.0,9.469796647216485
2784.0,9.468997189279548
2785.0,9.468829179443944
2786.0,9.46879384597046
2787.0,9.468786399693041
2788.0,9.468784816462854
2789.0,9.468784468034986
2790.0,9.468784381700301
2791.0,9.467985076394687
2792.0,9.467817088566218
2793.0,9.467781760977761
2794.0,9.467774315414324
2795.0,9.467772732007091
2796.0,9.467772383285762
2797.0,9.46777229665306
2798.0,9.466973144047198
2799.0,9.466805176755331
2800.0,9.466769854259475
2801.0,9.466762409340898
2802.0,9.466760826029109
2803.0,9.466760477283287
2804.0,9.46676039056789
2805.0,9.465961391004793
2806.0,9.465793442753302
2807.0,9.46575812403264
2808.0,9.465750680158862
2809.0,9.46574909703886
2810.0,9.46574874835858
2811.0,9.46574866172406
2812.0,9.464949815427158
2813.0,9.46478188480919
2814.0,9.464746569592513
2815.0,9.464739126718973
2816.0,9.464737543958758
2817.0,9.464737195381279
2818.0,9.464737108764231
2819.0,9.463938416242268
2820.0,9.463770502041106
2821.0,9.463735190263389
2822.0,9.463727748174234
2823.0,9.463726165722504
2824.0,9.463725817277265
2825.0,9.463725730673193
2826.0,9.462927192804697
2827.0,9.462759293716484
2828.0,9.462723985196128
2829.0,9.462716543834333
2830.0,9.462714961615339
2831.0,9.462714613230292
2832.0,9.462714526684591
2833.0,9.461916144050651
2834.0,9.461748258940254
2835.0,9.46171295364611
2836.0,9.461705512995671
2837.0,9.46170393099136
2838.0,9.461703582658316
2839.0,9.461703496125898
2840.0,9.460905269644833
2841.0,9.460737396973055
2842.0,9.460702094924763
2843.0,9.460694654995585
2844.0,9.46069307319503
2845.0,9.460692724914246
2846.0,9.460692638393743
2847.0,9.459894569662588
2848.0,9.459726707175097
2849.0,9.459691408511055
2850.0,9.459683969237162
2851.0,9.459682387625941
2852.0,9.45968203938866
2853.0,9.459681952876895
2854.0,9.458884042737232
2855.0,9.458716189246125
2856.0,9.45868089369568
2857.0,9.458673455085851
2858.0,9.458671873694284
2859.0,9.458671525516365
2860.0,9.458671439020929
2861.0,9.457873686087648
2862.0,9.457705842376654
2863.0,9.457670548571425
2864.0,9.457663110819592
2865.0,9.457661529933176
2866.0,9.457661182229403
2867.0,9.457661096119903
2868.0,9.456863487256985
2869.0,9.456695669267358
2870.0,9.456660382909181
2871.0,9.45665294502862
2872.0,9.456651363522107
2873.0,9.456651015375433
2874.0,9.456650928962507
2875.0,9.455853442964585
2876.0,9.45568566080497
2877.0,9.455650383181952
2878.0,9.455642948807732
2879.0,9.455641368806658
2880.0,9.45564102133418
2881.0,9.455640935283174
2882.0,9.454843580852813
2883.0,9.454675829068497
2884.0,9.454640561032694
2885.0,9.454633128988437
2886.0,9.454631549459949
2887.0,9.45463120198183
2888.0,9.45463111589024
2889.0,9.453833898333775
2890.0,9.45366617342772
2891.0,9.453630911569654
2892.0,9.453623481687766
2893.0,9.453621902907532
2894.0,9.453621555772834
2895.0,9.453621469893559
2896.0,9.452824387938172
2897.0,9.45265669181682
2898.0,9.45262143720409
2899.0,9.45261400839479
2900.0,9.452612429955511
2901.0,9.452612082942395
2902.0,9.452611997201394
2903.0,9.451815042531514
2904.0,9.451647380792933
2905.0,9.451612135434615
2906.0,9.451604708733289
2907.0,9.451603130856554
2908.0,9.451602783757997
2909.0,9.451602697928617
2910.0,9.450805862399905
2911.0,9.450638241478561
2912.0,9.450603006181918
2913.0,9.450595582339949
2914.0,9.450594005195871
2915.0,9.450593657957445
2916.0,9.45059357195332
2917.0,9.449796856306886
2918.0,9.449629277018543
2919.0,9.44959405062236
2920.0,9.449586629226197
2921.0,9.44958505253756
2922.0,9.449584705223776
2923.0,9.449584619058278
2924.0,9.448788023731538
2925.0,9.448620485762032
2926.0,9.448585268017144
2927.0,9.448577848754633
2928.0,9.448576272506768
2929.0,9.448575925208756
2930.0,9.448575838961375
2931.0,9.44777936520671
2932.0,9.447611867378878
2933.0,9.447576657823674
2934.0,9.447569240752186
2935.0,9.447567664898926
2936.0,9.447567317637738
2937.0,9.447567231336338
2938.0,9.446770880338718
2939.0,9.446603421811075
2940.0,9.446568219755283
2941.0,9.446560804947143
2942.0,9.446559229448326
2943.0,9.44655888220884
2944.0,9.446558795887535
2945.0,9.44576256889584
2946.0,9.445595148647985
2947.0,9.445559953679705
2948.0,9.445552541131343
2949.0,9.445550966061505
2950.0,9.44555061869711
2951.0,9.445550532330138
2952.0,9.444754430332164
2953.0,9.444587047415297
2954.0,9.444551859266307
2955.0,9.444544448698531
2956.0,9.444542873910397
2957.0,9.444542526672695
2958.0,9.44454244047653
2959.0,9.443746464209326
2960.0,9.443579117666857
2961.0,9.44354393620538
2962.0,9.443536527530124
2963.0,9.44353495306833
2964.0,9.443534605985942
2965.0,9.443534519682405
2966.0,9.442738670931677
2967.0,9.442571359439597
2968.0,9.442536183901185
2969.0,9.442528776795154
2970.0,9.442527202647053
2971.0,9.442526855842187
2972.0,9.442526769698238
2973.0,9.441731049700959
2974.0,9.441563772262601
2975.0,9.441528601900528
2976.0,9.441521196276227
2977.0,9.441519622717072
2978.0,9.441519276075033
2979.0,9.441519190132777
2980.0,9.440723599821844
2981.0,9.440556355649557
2982.0,9.440521190000469
2983.0,9.440513785656396
2984.0,9.440512212711134
2985.0,9.440511866319483
2986.0,9.440511780624501
2987.0,9.439716319842235
2988.0,9.439549108653868
2989.0,9.439513948051504
2990.0,9.439506544680718
2991.0,9.43950497231036
2992.0,9.439504626268707
2993.0,9.439504540837548
2994.0,9.438709209683623
2995.0,9.438542031219558
2996.0,9.438506875761435
2997.0,9.438499473149538
2998.0,9.438497901295548
2999.0,9.43849755565556
3000.0,9.438497470455848
3001.0,9.437702270014215
3002.0,9.437535123407468
3003.0,9.437499973658957
3004.0,9.437492570963023
3005.0,9.437490999363954
3006.0,9.437490654098557
3007.0,9.437490569219202
3008.0,9.436695503393075
3009.0,9.436528385623632
3010.0,9.436493240917702
3011.0,9.436485837780495
3012.0,9.436484266568936
3013.0,9.436483921468852
3014.0,9.43648383690826
3015.0,9.435688908808174
3016.0,9.435521817510422
3017.0,9.435486677093941
3018.0,9.435479273493897
3019.0,9.43547770250314
3020.0,9.435477357766342
3021.0,9.43547727345443
3022.0,9.434682484850615
3023.0,9.4345154187404
3024.0,9.434480282148993
3025.0,9.434472878515347
3026.0,9.434471307435597
3027.0,9.434470962865054
3028.0,9.434470878842012
3029.0,9.43367623308783
3030.0,9.433509189719889
3031.0,9.433474056185394
3032.0,9.433466652582489
3033.0,9.433465081294305
3034.0,9.433464736901582
3035.0,9.433464653092127
3036.0,9.432670151005459
3037.0,9.432503129809243
3038.0,9.432467999124317
3039.0,9.43246059574904
3040.0,9.432459024291866
3041.0,9.432458680042314
3042.0,9.432458596311044
3043.0,9.431664237863709
3044.0,9.431497238908578
3045.0,9.431462111079949
3046.0,9.431454708080427
3047.0,9.431453136523785
3048.0,9.431452792327175
3049.0,9.431452708580448
3050.0,9.430658492727796
3051.0,9.430491516820437
3052.0,9.430456392038607
3053.0,9.430448989490937
3054.0,9.430447418008706
3055.0,9.430447073839517
3056.0,9.430446990113325
3057.0,9.429652915201519
3058.0,9.429485963615658
3059.0,9.42945084221824
3060.0,9.42944344017915
3061.0,9.429441868750374
3062.0,9.429441524706101
3063.0,9.429441441055504
3064.0,9.428647506158017
3065.0,9.428480579509351
3066.0,9.428445461641608
3067.0,9.428438060247327
3068.0,9.428436488932945
3069.0,9.428436145020537
3070.0,9.428436061443177
3071.0,9.427642265683566
3072.0,9.427475364419063
3073.0,9.427440250266356
3074.0,9.427432849552545
3075.0,9.42743127843697
3076.0,9.427430934680174
3077.0,9.427430853396498
3078.0,9.426637201853916
3079.0,9.426470324585674
3080.0,9.426435213784641
3081.0,9.426427813176034
3082.0,9.426426241793514
3083.0,9.426425898060879
3084.0,9.42642581463489
3085.0,9.425632298393221
3086.0,9.425465445012605
3087.0,9.425430338766516
3088.0,9.425422938686026
3089.0,9.425421368358737
3090.0,9.42542102548404
3091.0,9.425420944518944
3092.0,9.424627583351526
3093.0,9.424460746183906
3094.0,9.424425641322555
3095.0,9.424418240278204
3096.0,9.424416669446519
3097.0,9.424416326536821
3098.0,9.424416243620186
3099.0,9.423623015490898
3100.0,9.423456203878327
3101.0,9.423421103491028
3102.0,9.423413703499948
3103.0,9.423412133737138
3104.0,9.42341179156249
3105.0,9.423411710907626
3106.0,9.422618636211793
3107.0,9.422451841738123
3108.0,9.422416742758113
3109.0,9.42240934239436
3110.0,9.422407772140094
3111.0,9.422407429821707
3112.0,9.42240734755709
3113.0,9.421614402922893
3114.0,9.421447636563832
3115.0,9.421412541943615
3116.0,9.421405143221058
3117.0,9.421403574023676
3118.0,9.421403232423117
3119.0,9.42140315076453
3120.0,9.420610351140347
3121.0,9.420443605947867
3122.0,9.420408513869724
3123.0,9.420401115317759
3124.0,9.420399546017503
3125.0,9.42039920447389
3126.0,9.420399122886339
3127.0,9.419606463363536
3128.0,9.419439742300295
3129.0,9.419404655291423
3130.0,9.419397256464416
3131.0,9.419395687076975
3132.0,9.419395345665441
3133.0,9.419395264224445
3134.0,9.41860274409421
3135.0,9.418436047499025
3136.0,9.418400964239904
3137.0,9.418393566272993
3138.0,9.4183919971225
3139.0,9.418391655868238
3140.0,9.418391574615978
3141.0,9.417599192922973
3142.0,9.417432521393984
3143.0,9.417397442208014
3144.0,9.417390045083053
3145.0,9.417388476197196
3146.0,9.417388135096628
3147.0,9.41738805399448
3148.0,9.416595810229017
3149.0,9.416429164019089
3150.0,9.416394089138842
3151.0,9.416386692895284
3152.0,9.416385124289665
3153.0,9.416384783375953
3154.0,9.416384702401682
3155.0,9.415592596056666
3156.0,9.415425975430962
3157.0,9.41539090519117
3158.0,9.415383509863302
3159.0,9.415381941529828
3160.0,9.415381600787937
3161.0,9.415381519922384
3162.0,9.414589549890337
3163.0,9.414422955596997
3164.0,9.414387890375592
3165.0,9.414380496058445
3166.0,9.4143789280119
3167.0,9.414378587404903
3168.0,9.414378506651493
3169.0,9.413586672140905
3170.0,9.413420104553069
3171.0,9.413385045301427
3172.0,9.413377654380223
3173.0,9.413376084941863
3174.0,9.413375744144712
3175.0,9.413375663276568
3176.0,9.412583963738728
3177.0,9.412417423121308
3178.0,9.412382369427766
3179.0,9.412374977586877
3180.0,9.412373410119766
3181.0,9.4123730697059
3182.0,9.412372989041605
3183.0,9.41158142236858
3184.0,9.411414910022932
3185.0,9.411379863141782
3186.0,9.41137247500065
3187.0,9.411370906125036
3188.0,9.411370565512623
3189.0,9.411370484760514
3190.0,9.410579050379454
3191.0,9.410412566732198
3192.0,9.410377526265794
3193.0,9.410370140101186
3194.0,9.410368571658168
3195.0,9.410368231110553
3196.0,9.410368150381359
3197.0,9.409576846834627
3198.0,9.409410393052951
3199.0,9.409375359519311
3200.0,9.40936797510806
3201.0,9.409366407047626
3202.0,9.409366066589536
3203.0,9.409365985875816
3204.0,9.408574811955226
3205.0,9.408408389136895
3206.0,9.408373362745376
3207.0,9.40836598003164
3208.0,9.408364412393167
3209.0,9.408364072023037
3210.0,9.408363991321124
3211.0,9.407572946571106
3212.0,9.407406555122003
3213.0,9.407371535795049
3214.0,9.407364154882611
3215.0,9.40736258775921
3216.0,9.407362247469877
3217.0,9.407362166770909
3218.0,9.406571251150678
3219.0,9.406404891081296
3220.0,9.406369878737777
3221.0,9.406362499623997
3222.0,9.406360933134849
3223.0,9.40636059296901
3224.0,9.406360512258363
3225.0,9.405569725778731
3226.0,9.40540339712865
3227.0,9.40536839161848
3228.0,9.40536101413814
3229.0,9.405359448344537
3230.0,9.40535910833879
3231.0,9.405359027326998
3232.0,9.40456837569187
3233.0,9.404402076331568
3234.0,9.404367077203288
3235.0,9.40435970093817
3236.0,9.404358135074531
3237.0,9.404357793816342
3238.0,9.404357713068059
3239.0,9.403567183464107
3240.0,9.403400916281592
3241.0,9.40336592400687
3242.0,9.403358550415966
3243.0,9.403356987455762
3244.0,9.40335664807877
3245.0,9.403356567293255
3246.0,9.402566171611237
3247.0,9.402399933632715
3248.0,9.402364947851522
3249.0,9.402357576159424
3250.0,9.402356012899528
3251.0,9.40235567343
3252.0,9.402355592162785
3253.0,9.401565330013469
3254.0,9.40139911948698
3255.0,9.401364139822686
3256.0,9.401356769305375
3257.0,9.401355206320677
3258.0,9.40135486716412
3259.0,9.4013547869917
3260.0,9.40056466155637
3261.0,9.400398477151693
3262.0,9.400363502978436
3263.0,9.400356133877011
3264.0,9.40035457115542
3265.0,9.400354232235157
3266.0,9.400354152186141
3267.0,9.399564155162617
3268.0,9.399398000700655
3269.0,9.39936303334273
3270.0,9.399355665825713
3271.0,9.399354104134154
3272.0,9.399353765724237
3273.0,9.399353686095544
3274.0,9.39856381925081
3275.0,9.39839769394005
3276.0,9.398362733471586
3277.0,9.398355367705507
3278.0,9.398353806737532
3279.0,9.398353468565084
3280.0,9.398353389110827
3281.0,9.397563651717128
3282.0,9.39739755592961
3283.0,9.397362602634423
3284.0,9.397355239183963
3285.0,9.397353678963198
3286.0,9.397353341018174
3287.0,9.397353261666812
3288.0,9.39656365440522
3289.0,9.39639758783749
3290.0,9.396362641570828
3291.0,9.396355280528843
3292.0,9.396353721054464
3293.0,9.396353383399061
3294.0,9.396353304124036
3295.0,9.395563827967747
3296.0,9.395397790076643
3297.0,9.395362850622352
3298.0,9.395355491996096
3299.0,9.395353933223337
3300.0,9.395353595905096
3301.0,9.395353516757401
3302.0,9.394564172719836
3303.0,9.394398162857172
3304.0,9.394363229993584
3305.0,9.394355873763889
3306.0,9.39435431569685
3307.0,9.394353978718392
3308.0,9.394353899721276
3309.0,9.39356468956622
3310.0,9.393398706601168
3311.0,9.39336378002628
3312.0,9.393356426023153
3313.0,9.393354868623405
3314.0,9.393354531973495
3315.0,9.393354453118487
3316.0,9.392565378703686
3317.0,9.392399420867982
3318.0,9.392364500294098
3319.0,9.392357148540466
3320.0,9.392355591830501
3321.0,9.392355255575994
3322.0,9.392355176941635
3323.0,9.391566238908851
3324.0,9.39140030605882
3325.0,9.391365391444
3326.0,9.391358041901908
3327.0,9.39135648580328
3328.0,9.39135614985404
3329.0,9.391356071435728
3330.0,9.390567270306063
3331.0,9.390401362073984
3332.0,9.390366453340146
3333.0,9.390359106017794
3334.0,9.390357550560092
3335.0,9.390357214901353
3336.0,9.39035713668199
3337.0,9.389568473546957
3338.0,9.389402589325602
3339.0,9.389367686193445
3340.0,9.389360341098318
3341.0,9.389358786266275
3342.0,9.389358450871294
3343.0,9.389358372816323
3344.0,9.388569849275544
3345.0,9.388403988177267
3346.0,9.388369090241973
3347.0,9.388361747364
3348.0,9.388360193176482
3349.0,9.388359857986718
3350.0,9.388359780025645
3351.0,9.387571398715743
3352.0,9.387405559076491
3353.0,9.387370667070416
3354.0,9.387363325914988
3355.0,9.387361771632568
3356.0,9.387361436446731
3357.0,9.387361358456756
3358.0,9.386573122996456
3359.0,9.386407302487715
3360.0,9.386372413979261
3361.0,9.386365075194641
3362.0,9.38636352165544
3363.0,9.386363186560043
3364.0,9.386363108539651
3365.0,9.38557502232105
3366.0,9.385409218856363
3367.0,9.385374333451999
3368.0,9.38536699671161
3369.0,9.385365443757657
3370.0,9.385365108729838
3371.0,9.385365030631823
3372.0,9.384577092858603
3373.0,9.38441130729702
3374.0,9.384376425096788
3375.0,9.384369090552934
3376.0,9.384367538191327
3377.0,9.384367203246994
3378.0,9.384367125035503
3379.0,9.383579327030827
3380.0,9.383413565557973
3381.0,9.383378688759196
3382.0,9.383371356940284
3383.0,9.383369805202777
3384.0,9.38336947032292
3385.0,9.383369392020235
3386.0,9.382581732062107
3387.0,9.382415996117132
3388.0,9.382381125292365
3389.0,9.382373796218722
3390.0,9.382372245842681
3391.0,9.382371910564004
3392.0,9.38237183224694
3393.0,9.381584308413276
3394.0,9.381418600452713
3395.0,9.381383735218124
3396.0,9.381376409501918
3397.0,9.38137485923165
3398.0,9.38137452429999
3399.0,9.381374445693119
3400.0,9.38058706075834
3401.0,9.380421377806003
3402.0,9.38038651874535
3403.0,9.380379195642501
3404.0,9.380377646038422
3405.0,9.380377311059881
3406.0,9.380377232402306
3407.0,9.379589985904751
3408.0,9.379424328465667
3409.0,9.379389475969607
3410.0,9.37938215535742
3411.0,9.379380606438096
3412.0,9.37938027132175
3413.0,9.379380192604472
3414.0,9.378593084001754
3415.0,9.37842745326482
3416.0,9.378392606797963
3417.0,9.378385289154046
3418.0,9.37838374027929
3419.0,9.378383405479202
3420.0,9.378383326321174
3421.0,9.377596356556538
3422.0,9.37743075118112
3423.0,9.377395911735073
3424.0,9.37738859601382
3425.0,9.377387048239061
3426.0,9.37738671289734
3427.0,9.37738663391524
3428.0,9.376599802288233
3429.0,9.376434224192174
3430.0,9.376399390095123
3431.0,9.376392077765775
3432.0,9.376390530060743
3433.0,9.376390194968124
3434.0,9.376390115572034
3435.0,9.375603421304287
3436.0,9.37543787031325
3437.0,9.375403043128584
3438.0,9.375395732858403
3439.0,9.37539418555195
3440.0,9.375393850391276
3441.0,9.375393770799574
3442.0,9.374607213476171
3443.0,9.374441690329931
3444.0,9.37440686988682
3445.0,9.374399561833673
3446.0,9.374398015035496
3447.0,9.37439767983036
3448.0,9.374397600154074
3449.0,9.373611180280522
3450.0,9.373445684576746
3451.0,9.373410871050503
3452.0,9.373403565528365
3453.0,9.373402019178464
3454.0,9.37340168382082
3455.0,9.373401603880808
3456.0,9.372615320925512
3457.0,9.372449853103674
3458.0,9.372415046775094
3459.0,9.372407743775815
3460.0,9.372406197876822
3461.0,9.372405862359455
3462.0,9.372405782135298
3463.0,9.371619634967129
3464.0,9.371454196041405
3465.0,9.371419397127593
3466.0,9.37141209658854
3467.0,9.371410551150419
3468.0,9.371410215505492
3469.0,9.37141013504133
3470.0,9.370624123242836
3471.0,9.370458713163636
3472.0,9.370423921482551
3473.0,9.370416623686411
3474.0,9.37041507887869
3475.0,9.370414743305737
3476.0,9.370414662745116
3477.0,9.36962878599855
3478.0,9.369463405610677
3479.0,9.369428621458349
3480.0,9.36942132598405
3481.0,9.369419781731622
3482.0,9.36941944612312
3483.0,9.369419365333975
3484.0,9.368633624149311
3485.0,9.368468273201067
3486.0,9.368433496582135
3487.0,9.368426203295613
3488.0,9.368424659493137
3489.0,9.368424323808032
3490.0,9.368424242781265
3491.0,9.367638637791652
3492.0,9.36747331581316
3493.0,9.367438546656892
3494.0,9.367431255410732
3495.0,9.367429712009496
3496.0,9.367429376287378
3497.0,9.367429295717711
3498.0,9.366643823628323
3499.0,9.36647853618916
3500.0,9.366443773870333
3501.0,9.366436483819307
3502.0,9.366434940087313
3503.0,9.366434603781494
3504.0,9.366434522169495
3505.0,9.365649193360841
3506.0,9.365483925154962
3507.0,9.365449170518838
3508.0,9.365441883253359
3509.0,9.365440342126686
3510.0,9.365440005862059
3511.0,9.36543992368253
3512.0,9.364654723580049
3513.0,9.364489494825662
3514.0,9.364454746803855
3515.0,9.364447460294656
3516.0,9.364445917469311
3517.0,9.364445581176927
3518.0,9.364445500309957
3519.0,9.363660443995647
3520.0,9.363495236637378
3521.0,9.3634604958886
3522.0,9.363453211162582
3523.0,9.36345166905301
3524.0,9.36345133449251
3525.0,9.363451253148416
3526.0,9.362666332880034
3527.0,9.362501155294852
3528.0,9.362466420617197
3529.0,9.362459137400734
3530.0,9.362457595920976
3531.0,9.362457261620445
3532.0,9.36245718042032
